Unnamed: 0,El-array,Spa.1,Spa.2,Spa.3,Spa.4,Rho ,Dev., M  ,Sp  ,Vp  ,In  ,Time,Spa.5,Spa.6,Spa.7,Spa.8,Spa.9,Spa.10,Spa.11,Spa.12,M1  ,M2  ,M3  ,M4  ,M5  ,M6  ,M7  ,M8  ,M9  ,M10  ,M11 ,M12 ,M13 ,M14 ,M15 ,M16 ,M17 ,M18 ,M19 ,M20 ,Mdly,TM1 ,TM2 ,TM3 ,TM4 ,TM5 ,TM6 ,TM7 ,TM8 ,TM9 ,TM10,TM11,TM12,TM13,TM14,TM15,TM16,TM17,TM18,TM19,TM20,Stack,Rs-Check,Vab ,Pab ,Rab ,Latitude,Longitude,Name,Channel,Overload,Tx-Bat,Rx-Bat,Temp.,Date,Gapfiller,Synch,Cole Tau,Cole M,Cole rms
,Mixed / non conventional,1.0,13.0,4.0,16.0,22290.94,2.13,0.0,-32.04,2818.7509999999997,1.625,250,0.0,0.0,0.0,0.0,0.0,0.0,0.0,0.0,0.0,0.0,0.0,0.0,0.0,0.0,0.0,0.0,0.0,0.0,0.0,0.0,0.0,0.0,0.0,0.0,0.0,0.0,0.0,0.0,0,0,0,0,0,0,0,0,0,0,0,0,0,0,0,0,0,0,0,0,0,3,0.0,50,0,30.8,0.0,0.0,20030202,1,0,12.07,12.32,24.6,02/03/2020 17:05:42,0,1,0.0,0.0,0.0
,Mixed / non conventional,1.0,13.0,16.0,7.0,32560.87,2.12,0.0,12.35,-2245.86,1.625,250,0.0,0.0,0.0,0.0,0.0,0.0,0.0,0.0,0.0,0.0,0.0,0.0,0.0,0.0,0.0,0.0,0.0,0.0,0.0,0.0,0.0,0.0,0.0,0.0,0.0,0.0,0.0,0.0,0,0,0,0,0,0,0,0,0,0,0,0,0,0,0,0,0,0,0,0,0,3,0.0,50,0,30.8,0.0,0.0,20030202,2,0,12.07,12.32,24.6,02/03/2020 17:05:42,0,0,0.0,0.0,0.0
,Mixed / non conventional,1.0,13.0,7.0,19.0,68650.56,2.12,0.0,-66.23,1972.9660000000001,1.625,250,0.0,0.0,0.0,0.0,0.0,0.0,0.0,0.0,0.0,0.0,0.0,0.0,0.0,0.0,0.0,0.0,0.0,0.0,0.0,0.0,0.0,0.0,0.0,0.0,0.0,0.0,0.0,0.0,0,0,0,0,0,0,0,0,0,0,0,0,0,0,0,0,0,0,0,0,0,3,0.0,50,0,30.8,0.0,0.0,20030202,3,0,12.07,12.32,24.6,02/03/2020 17:05:42,0,0,0.0,0.0,0.0
,Mixed / non conventional,1.0,13.0,19.0,10.0,-84521.71,2.1,0.0,65.79,-2429.092,1.625,250,0.0,0.0,0.0,0.0,0.0,0.0,0.0,0.0,0.0,0.0,0.0,0.0,0.0,0.0,0.0,0.0,0.0,0.0,0.0,0.0,0.0,0.0,0.0,0.0,0.0,0.0,0.0,0.0,0,0,0,0,0,0,0,0,0,0,0,0,0,0,0,0,0,0,0,0,0,3,0.0,50,0,30.8,0.0,0.0,20030202,4,0,12.07,12.32,24.6,02/03/2020 17:05:42,0,0,0.0,0.0,0.0
,Mixed / non conventional,1.0,13.0,10.0,22.0,-64999.43,2.1,0.0,-37.04,2668.6220000000003,1.625,250,0.0,0.0,0.0,0.0,0.0,0.0,0.0,0.0,0.0,0.0,0.0,0.0,0.0,0.0,0.0,0.0,0.0,0.0,0.0,0.0,0.0,0.0,0.0,0.0,0.0,0.0,0.0,0.0,0,0,0,0,0,0,0,0,0,0,0,0,0,0,0,0,0,0,0,0,0,3,0.0,50,0,30.8,0.0,0.0,20030202,5,0,12.07,12.32,24.6,02/03/2020 17:05:42,0,0,0.0,0.0,0.0
,Mixed / non conventional,4.0,16.0,7.0,19.0,20164.14,1.96,0.0,-74.56,2496.805,1.591,250,0.0,0.0,0.0,0.0,0.0,0.0,0.0,0.0,0.0,0.0,0.0,0.0,0.0,0.0,0.0,0.0,0.0,0.0,0.0,0.0,0.0,0.0,0.0,0.0,0.0,0.0,0.0,0.0,0,0,0,0,0,0,0,0,0,0,0,0,0,0,0,0,0,0,0,0,0,3,0.0,50,0,31.4,0.0,0.0,20030202,1,0,12.07,12.3,25.0,02/03/2020 17:05:44,0,1,0.0,0.0,0.0
,Mixed / non conventional,4.0,16.0,19.0,10.0,32817.63,1.96,0.0,66.85,-2216.514,1.591,250,0.0,0.0,0.0,0.0,0.0,0.0,0.0,0.0,0.0,0.0,0.0,0.0,0.0,0.0,0.0,0.0,0.0,0.0,0.0,0.0,0.0,0.0,0.0,0.0,0.0,0.0,0.0,0.0,0,0,0,0,0,0,0,0,0,0,0,0,0,0,0,0,0,0,0,0,0,3,0.0,50,0,31.4,0.0,0.0,20030202,2,0,12.07,12.3,25.0,02/03/2020 17:05:44,0,0,0.0,0.0,0.0
,Mixed / non conventional,4.0,16.0,10.0,22.0,70396.22,1.96,0.0,-34.3,1981.078,1.591,250,0.0,0.0,0.0,0.0,0.0,0.0,0.0,0.0,0.0,0.0,0.0,0.0,0.0,0.0,0.0,0.0,0.0,0.0,0.0,0.0,0.0,0.0,0.0,0.0,0.0,0.0,0.0,0.0,0,0,0,0,0,0,0,0,0,0,0,0,0,0,0,0,0,0,0,0,0,3,0.0,50,0,31.4,0.0,0.0,20030202,3,0,12.07,12.3,25.0,02/03/2020 17:05:44,0,0,0.0,0.0,0.0
,Mixed / non conventional,4.0,16.0,22.0,1.0,26687.65,1.98,0.0,96.93,-2553.532,1.591,250,0.0,0.0,0.0,0.0,0.0,0.0,0.0,0.0,0.0,0.0,0.0,0.0,0.0,0.0,0.0,0.0,0.0,0.0,0.0,0.0,0.0,0.0,0.0,0.0,0.0,0.0,0.0,0.0,0,0,0,0,0,0,0,0,0,0,0,0,0,0,0,0,0,0,0,0,0,3,0.0,50,0,31.4,0.0,0.0,20030202,4,0,12.07,12.3,25.0,02/03/2020 17:05:44,0,0,0.0,0.0,0.0
,Mixed / non conventional,4.0,16.0,1.0,13.0,22572.58,1.99,0.0,-174.53,2795.027,1.591,250,0.0,0.0,0.0,0.0,0.0,0.0,0.0,0.0,0.0,0.0,0.0,0.0,0.0,0.0,0.0,0.0,0.0,0.0,0.0,0.0,0.0,0.0,0.0,0.0,0.0,0.0,0.0,0.0,0,0,0,0,0,0,0,0,0,0,0,0,0,0,0,0,0,0,0,0,0,3,0.0,50,0,31.4,0.0,0.0,20030202,5,0,12.07,12.3,25.0,02/03/2020 17:05:44,0,0,0.0,0.0,0.0
,Mixed / non conventional,7.0,19.0,10.0,22.0,19983.38,1.88,0.0,-35.02,2802.953,1.8030000000000002,250,0.0,0.0,0.0,0.0,0.0,0.0,0.0,0.0,0.0,0.0,0.0,0.0,0.0,0.0,0.0,0.0,0.0,0.0,0.0,0.0,0.0,0.0,0.0,0.0,0.0,0.0,0.0,0.0,0,0,0,0,0,0,0,0,0,0,0,0,0,0,0,0,0,0,0,0,0,3,0.0,50,0,27.8,0.0,0.0,20030202,1,0,12.07,12.32,24.1,02/03/2020 17:05:46,0,1,0.0,0.0,0.0
,Mixed / non conventional,7.0,19.0,22.0,1.0,22123.9,1.86,0.0,56.99,-2397.922,1.8030000000000002,250,0.0,0.0,0.0,0.0,0.0,0.0,0.0,0.0,0.0,0.0,0.0,0.0,0.0,0.0,0.0,0.0,0.0,0.0,0.0,0.0,0.0,0.0,0.0,0.0,0.0,0.0,0.0,0.0,0,0,0,0,0,0,0,0,0,0,0,0,0,0,0,0,0,0,0,0,0,3,0.0,50,0,27.8,0.0,0.0,20030202,2,0,12.07,12.32,24.1,02/03/2020 17:05:46,0,0,0.0,0.0,0.0
,Mixed / non conventional,7.0,19.0,1.0,13.0,67360.9,1.86,0.0,-101.3,2147.347,1.8030000000000002,250,0.0,0.0,0.0,0.0,0.0,0.0,0.0,0.0,0.0,0.0,0.0,0.0,0.0,0.0,0.0,0.0,0.0,0.0,0.0,0.0,0.0,0.0,0.0,0.0,0.0,0.0,0.0,0.0,0,0,0,0,0,0,0,0,0,0,0,0,0,0,0,0,0,0,0,0,0,3,0.0,50,0,27.8,0.0,0.0,20030202,3,0,12.07,12.32,24.1,02/03/2020 17:05:46,0,0,0.0,0.0,0.0
,Mixed / non conventional,7.0,19.0,13.0,4.0,32209.86,1.89,0.0,239.53,-2464.305,1.8030000000000002,250,0.0,0.0,0.0,0.0,0.0,0.0,0.0,0.0,0.0,0.0,0.0,0.0,0.0,0.0,0.0,0.0,0.0,0.0,0.0,0.0,0.0,0.0,0.0,0.0,0.0,0.0,0.0,0.0,0,0,0,0,0,0,0,0,0,0,0,0,0,0,0,0,0,0,0,0,0,3,0.0,50,0,27.8,0.0,0.0,20030202,4,0,12.07,12.32,24.1,02/03/2020 17:05:46,0,0,0.0,0.0,0.0
,Mixed / non conventional,7.0,19.0,4.0,16.0,19580.21,1.9,0.0,-265.85,2746.403,1.8030000000000002,250,0.0,0.0,0.0,0.0,0.0,0.0,0.0,0.0,0.0,0.0,0.0,0.0,0.0,0.0,0.0,0.0,0.0,0.0,0.0,0.0,0.0,0.0,0.0,0.0,0.0,0.0,0.0,0.0,0,0,0,0,0,0,0,0,0,0,0,0,0,0,0,0,0,0,0,0,0,3,0.0,50,0,27.8,0.0,0.0,20030202,5,0,12.07,12.32,24.1,02/03/2020 17:05:46,0,0,0.0,0.0,0.0
,Mixed / non conventional,10.0,22.0,1.0,13.0,-64385.29,1.82,0.0,-94.88,2695.8540000000003,1.6569999999999998,250,0.0,0.0,0.0,0.0,0.0,0.0,0.0,0.0,0.0,0.0,0.0,0.0,0.0,0.0,0.0,0.0,0.0,0.0,0.0,0.0,0.0,0.0,0.0,0.0,0.0,0.0,0.0,0.0,0,0,0,0,0,0,0,0,0,0,0,0,0,0,0,0,0,0,0,0,0,3,0.0,50,0,30.2,0.0,0.0,20030202,1,0,12.07,12.32,25.0,02/03/2020 17:05:48,0,1,0.0,0.0,0.0
,Mixed / non conventional,10.0,22.0,13.0,4.0,-76199.66,1.82,0.0,184.08,-2233.371,1.6569999999999998,250,0.0,0.0,0.0,0.0,0.0,0.0,0.0,0.0,0.0,0.0,0.0,0.0,0.0,0.0,0.0,0.0,0.0,0.0,0.0,0.0,0.0,0.0,0.0,0.0,0.0,0.0,0.0,0.0,0,0,0,0,0,0,0,0,0,0,0,0,0,0,0,0,0,0,0,0,0,3,0.0,50,0,30.2,0.0,0.0,20030202,2,0,12.07,12.32,25.0,02/03/2020 17:05:48,0,0,0.0,0.0,0.0
,Mixed / non conventional,10.0,22.0,4.0,16.0,68860.45,1.83,0.0,-183.1,2018.2620000000002,1.6569999999999998,250,0.0,0.0,0.0,0.0,0.0,0.0,0.0,0.0,0.0,0.0,0.0,0.0,0.0,0.0,0.0,0.0,0.0,0.0,0.0,0.0,0.0,0.0,0.0,0.0,0.0,0.0,0.0,0.0,0,0,0,0,0,0,0,0,0,0,0,0,0,0,0,0,0,0,0,0,0,3,0.0,50,0,30.2,0.0,0.0,20030202,3,0,12.07,12.32,25.0,02/03/2020 17:05:48,0,0,0.0,0.0,0.0
,Mixed / non conventional,10.0,22.0,16.0,7.0,33875.2,1.8,0.0,219.46,-2382.873,1.6569999999999998,250,0.0,0.0,0.0,0.0,0.0,0.0,0.0,0.0,0.0,0.0,0.0,0.0,0.0,0.0,0.0,0.0,0.0,0.0,0.0,0.0,0.0,0.0,0.0,0.0,0.0,0.0,0.0,0.0,0,0,0,0,0,0,0,0,0,0,0,0,0,0,0,0,0,0,0,0,0,3,0.0,50,0,30.2,0.0,0.0,20030202,4,0,12.07,12.32,25.0,02/03/2020 17:05:48,0,0,0.0,0.0,0.0
,Mixed / non conventional,10.0,22.0,7.0,19.0,20173.24,1.78,0.0,-348.11,2601.573,1.6569999999999998,250,0.0,0.0,0.0,0.0,0.0,0.0,0.0,0.0,0.0,0.0,0.0,0.0,0.0,0.0,0.0,0.0,0.0,0.0,0.0,0.0,0.0,0.0,0.0,0.0,0.0,0.0,0.0,0.0,0,0,0,0,0,0,0,0,0,0,0,0,0,0,0,0,0,0,0,0,0,3,0.0,50,0,30.2,0.0,0.0,20030202,5,0,12.07,12.32,25.0,02/03/2020 17:05:48,0,0,0.0,0.0,0.0
,Mixed / non conventional,13.0,25.0,16.0,28.0,21484.8,3.74,0.0,43.12,3136.255,1.876,250,0.0,0.0,0.0,0.0,0.0,0.0,0.0,0.0,0.0,0.0,0.0,0.0,0.0,0.0,0.0,0.0,0.0,0.0,0.0,0.0,0.0,0.0,0.0,0.0,0.0,0.0,0.0,0.0,0,0,0,0,0,0,0,0,0,0,0,0,0,0,0,0,0,0,0,0,0,3,0.0,50,0,26.6,0.0,0.0,20030202,1,0,12.07,12.32,25.0,02/03/2020 17:05:50,0,1,0.0,0.0,0.0
,Mixed / non conventional,13.0,25.0,28.0,19.0,35508.48,3.74,0.0,-144.31,-2827.292,1.876,250,0.0,0.0,0.0,0.0,0.0,0.0,0.0,0.0,0.0,0.0,0.0,0.0,0.0,0.0,0.0,0.0,0.0,0.0,0.0,0.0,0.0,0.0,0.0,0.0,0.0,0.0,0.0,0.0,0,0,0,0,0,0,0,0,0,0,0,0,0,0,0,0,0,0,0,0,0,3,0.0,50,0,26.6,0.0,0.0,20030202,2,0,12.07,12.32,25.0,02/03/2020 17:05:50,0,0,0.0,0.0,0.0
,Mixed / non conventional,13.0,25.0,19.0,31.0,76400.05,3.73,0.0,94.03,2534.6679999999997,1.876,250,0.0,0.0,0.0,0.0,0.0,0.0,0.0,0.0,0.0,0.0,0.0,0.0,0.0,0.0,0.0,0.0,0.0,0.0,0.0,0.0,0.0,0.0,0.0,0.0,0.0,0.0,0.0,0.0,0,0,0,0,0,0,0,0,0,0,0,0,0,0,0,0,0,0,0,0,0,3,0.0,50,0,26.6,0.0,0.0,20030202,3,0,12.07,12.32,25.0,02/03/2020 17:05:50,0,0,0.0,0.0,0.0
,Mixed / non conventional,13.0,25.0,31.0,22.0,-84488.34,3.72,0.0,-96.69,-2803.007,1.876,250,0.0,0.0,0.0,0.0,0.0,0.0,0.0,0.0,0.0,0.0,0.0,0.0,0.0,0.0,0.0,0.0,0.0,0.0,0.0,0.0,0.0,0.0,0.0,0.0,0.0,0.0,0.0,0.0,0,0,0,0,0,0,0,0,0,0,0,0,0,0,0,0,0,0,0,0,0,3,0.0,50,0,26.6,0.0,0.0,20030202,4,0,12.07,12.32,25.0,02/03/2020 17:05:50,0,0,0.0,0.0,0.0
,Mixed / non conventional,13.0,25.0,22.0,34.0,-63389.34,3.72,0.0,110.22,3004.316,1.876,250,0.0,0.0,0.0,0.0,0.0,0.0,0.0,0.0,0.0,0.0,0.0,0.0,0.0,0.0,0.0,0.0,0.0,0.0,0.0,0.0,0.0,0.0,0.0,0.0,0.0,0.0,0.0,0.0,0,0,0,0,0,0,0,0,0,0,0,0,0,0,0,0,0,0,0,0,0,3,0.0,50,0,26.6,0.0,0.0,20030202,5,0,12.07,12.32,25.0,02/03/2020 17:05:50,0,0,0.0,0.0,0.0
,Mixed / non conventional,16.0,28.0,19.0,31.0,20483.04,1.41,0.0,67.37,3765.591,2.363,250,0.0,0.0,0.0,0.0,0.0,0.0,0.0,0.0,0.0,0.0,0.0,0.0,0.0,0.0,0.0,0.0,0.0,0.0,0.0,0.0,0.0,0.0,0.0,0.0,0.0,0.0,0.0,0.0,0,0,0,0,0,0,0,0,0,0,0,0,0,0,0,0,0,0,0,0,0,3,0.0,50,0,21.1,0.0,0.0,20030202,1,0,12.07,12.3,25.0,02/03/2020 17:05:52,0,1,0.0,0.0,0.0
,Mixed / non conventional,16.0,28.0,31.0,22.0,33861.81,1.41,0.0,-55.97,-3395.527,2.363,250,0.0,0.0,0.0,0.0,0.0,0.0,0.0,0.0,0.0,0.0,0.0,0.0,0.0,0.0,0.0,0.0,0.0,0.0,0.0,0.0,0.0,0.0,0.0,0.0,0.0,0.0,0.0,0.0,0,0,0,0,0,0,0,0,0,0,0,0,0,0,0,0,0,0,0,0,0,3,0.0,50,0,21.1,0.0,0.0,20030202,2,0,12.07,12.3,25.0,02/03/2020 17:05:52,0,0,0.0,0.0,0.0
,Mixed / non conventional,16.0,28.0,22.0,34.0,70464.49,1.41,0.0,76.97,2944.125,2.363,250,0.0,0.0,0.0,0.0,0.0,0.0,0.0,0.0,0.0,0.0,0.0,0.0,0.0,0.0,0.0,0.0,0.0,0.0,0.0,0.0,0.0,0.0,0.0,0.0,0.0,0.0,0.0,0.0,0,0,0,0,0,0,0,0,0,0,0,0,0,0,0,0,0,0,0,0,0,3,0.0,50,0,21.1,0.0,0.0,20030202,3,0,12.07,12.3,25.0,02/03/2020 17:05:52,0,0,0.0,0.0,0.0
,Mixed / non conventional,16.0,28.0,34.0,13.0,23831.85,1.42,0.0,74.66,-3385.498,2.363,250,0.0,0.0,0.0,0.0,0.0,0.0,0.0,0.0,0.0,0.0,0.0,0.0,0.0,0.0,0.0,0.0,0.0,0.0,0.0,0.0,0.0,0.0,0.0,0.0,0.0,0.0,0.0,0.0,0,0,0,0,0,0,0,0,0,0,0,0,0,0,0,0,0,0,0,0,0,3,0.0,50,0,21.1,0.0,0.0,20030202,4,0,12.07,12.3,25.0,02/03/2020 17:05:52,0,0,0.0,0.0,0.0
,Mixed / non conventional,16.0,28.0,13.0,25.0,20781.28,1.43,0.0,-135.34,3820.417,2.363,250,0.0,0.0,0.0,0.0,0.0,0.0,0.0,0.0,0.0,0.0,0.0,0.0,0.0,0.0,0.0,0.0,0.0,0.0,0.0,0.0,0.0,0.0,0.0,0.0,0.0,0.0,0.0,0.0,0,0,0,0,0,0,0,0,0,0,0,0,0,0,0,0,0,0,0,0,0,3,0.0,50,0,21.1,0.0,0.0,20030202,5,0,12.07,12.3,25.0,02/03/2020 17:05:52,0,0,0.0,0.0,0.0
,Mixed / non conventional,19.0,31.0,22.0,34.0,20837.3,0.83,0.0,58.26,3037.275,1.8730000000000002,250,0.0,0.0,0.0,0.0,0.0,0.0,0.0,0.0,0.0,0.0,0.0,0.0,0.0,0.0,0.0,0.0,0.0,0.0,0.0,0.0,0.0,0.0,0.0,0.0,0.0,0.0,0.0,0.0,0,0,0,0,0,0,0,0,0,0,0,0,0,0,0,0,0,0,0,0,0,3,0.0,50,0,26.6,0.0,0.0,20030202,1,0,12.07,12.32,24.6,02/03/2020 17:05:54,0,1,0.0,0.0,0.0
,Mixed / non conventional,19.0,31.0,34.0,13.0,24805.02,0.83,0.0,40.43,-2793.885,1.8730000000000002,250,0.0,0.0,0.0,0.0,0.0,0.0,0.0,0.0,0.0,0.0,0.0,0.0,0.0,0.0,0.0,0.0,0.0,0.0,0.0,0.0,0.0,0.0,0.0,0.0,0.0,0.0,0.0,0.0,0,0,0,0,0,0,0,0,0,0,0,0,0,0,0,0,0,0,0,0,0,3,0.0,50,0,26.6,0.0,0.0,20030202,2,0,12.07,12.32,24.6,02/03/2020 17:05:54,0,0,0.0,0.0,0.0
,Mixed / non conventional,19.0,31.0,13.0,25.0,77789.88,0.83,0.0,-67.59,2576.992,1.8730000000000002,250,0.0,0.0,0.0,0.0,0.0,0.0,0.0,0.0,0.0,0.0,0.0,0.0,0.0,0.0,0.0,0.0,0.0,0.0,0.0,0.0,0.0,0.0,0.0,0.0,0.0,0.0,0.0,0.0,0,0,0,0,0,0,0,0,0,0,0,0,0,0,0,0,0,0,0,0,0,3,0.0,50,0,26.6,0.0,0.0,20030202,3,0,12.07,12.32,24.6,02/03/2020 17:05:54,0,0,0.0,0.0,0.0
,Mixed / non conventional,19.0,31.0,25.0,16.0,35697.84,0.79,0.0,197.34,-2838.2009999999996,1.8730000000000002,250,0.0,0.0,0.0,0.0,0.0,0.0,0.0,0.0,0.0,0.0,0.0,0.0,0.0,0.0,0.0,0.0,0.0,0.0,0.0,0.0,0.0,0.0,0.0,0.0,0.0,0.0,0.0,0.0,0,0,0,0,0,0,0,0,0,0,0,0,0,0,0,0,0,0,0,0,0,3,0.0,50,0,26.6,0.0,0.0,20030202,4,0,12.07,12.32,24.6,02/03/2020 17:05:55,0,0,0.0,0.0,0.0
,Mixed / non conventional,19.0,31.0,16.0,28.0,21572.27,0.78,0.0,-270.89,3144.405,1.8730000000000002,250,0.0,0.0,0.0,0.0,0.0,0.0,0.0,0.0,0.0,0.0,0.0,0.0,0.0,0.0,0.0,0.0,0.0,0.0,0.0,0.0,0.0,0.0,0.0,0.0,0.0,0.0,0.0,0.0,0,0,0,0,0,0,0,0,0,0,0,0,0,0,0,0,0,0,0,0,0,3,0.0,50,0,26.6,0.0,0.0,20030202,5,0,12.07,12.32,24.6,02/03/2020 17:05:55,0,0,0.0,0.0,0.0
,Mixed / non conventional,22.0,34.0,13.0,25.0,-60513.43,0.37,0.0,-56.73,2760.345,1.806,250,0.0,0.0,0.0,0.0,0.0,0.0,0.0,0.0,0.0,0.0,0.0,0.0,0.0,0.0,0.0,0.0,0.0,0.0,0.0,0.0,0.0,0.0,0.0,0.0,0.0,0.0,0.0,0.0,0,0,0,0,0,0,0,0,0,0,0,0,0,0,0,0,0,0,0,0,0,3,0.0,50,0,27.7,0.0,0.0,20030202,1,0,12.07,12.3,24.6,02/03/2020 17:05:57,0,1,0.0,0.0,0.0
,Mixed / non conventional,22.0,34.0,25.0,16.0,-77344.38,0.37,0.0,137.67,-2469.666,1.806,250,0.0,0.0,0.0,0.0,0.0,0.0,0.0,0.0,0.0,0.0,0.0,0.0,0.0,0.0,0.0,0.0,0.0,0.0,0.0,0.0,0.0,0.0,0.0,0.0,0.0,0.0,0.0,0.0,0,0,0,0,0,0,0,0,0,0,0,0,0,0,0,0,0,0,0,0,0,3,0.0,50,0,27.7,0.0,0.0,20030202,2,0,12.07,12.3,24.6,02/03/2020 17:05:57,0,0,0.0,0.0,0.0
,Mixed / non conventional,22.0,34.0,16.0,28.0,69613.23,0.37,0.0,-175.83,2222.805,1.806,250,0.0,0.0,0.0,0.0,0.0,0.0,0.0,0.0,0.0,0.0,0.0,0.0,0.0,0.0,0.0,0.0,0.0,0.0,0.0,0.0,0.0,0.0,0.0,0.0,0.0,0.0,0.0,0.0,0,0,0,0,0,0,0,0,0,0,0,0,0,0,0,0,0,0,0,0,0,3,0.0,50,0,27.7,0.0,0.0,20030202,3,0,12.07,12.3,24.6,02/03/2020 17:05:57,0,0,0.0,0.0,0.0
,Mixed / non conventional,22.0,34.0,28.0,19.0,32469.13,0.38,0.0,172.92,-2488.236,1.806,250,0.0,0.0,0.0,0.0,0.0,0.0,0.0,0.0,0.0,0.0,0.0,0.0,0.0,0.0,0.0,0.0,0.0,0.0,0.0,0.0,0.0,0.0,0.0,0.0,0.0,0.0,0.0,0.0,0,0,0,0,0,0,0,0,0,0,0,0,0,0,0,0,0,0,0,0,0,3,0.0,50,0,27.7,0.0,0.0,20030202,4,0,12.07,12.3,24.6,02/03/2020 17:05:57,0,0,0.0,0.0,0.0
,Mixed / non conventional,22.0,34.0,19.0,31.0,19567.58,0.39,0.0,-241.33,2749.156,1.806,250,0.0,0.0,0.0,0.0,0.0,0.0,0.0,0.0,0.0,0.0,0.0,0.0,0.0,0.0,0.0,0.0,0.0,0.0,0.0,0.0,0.0,0.0,0.0,0.0,0.0,0.0,0.0,0.0,0,0,0,0,0,0,0,0,0,0,0,0,0,0,0,0,0,0,0,0,0,3,0.0,50,0,27.7,0.0,0.0,20030202,5,0,12.07,12.3,24.6,02/03/2020 17:05:57,0,0,0.0,0.0,0.0
,Mixed / non conventional,25.0,37.0,28.0,40.0,19332.13,0.57,0.0,35.44,4424.219,2.9410000000000003,250,0.0,0.0,0.0,0.0,0.0,0.0,0.0,0.0,0.0,0.0,0.0,0.0,0.0,0.0,0.0,0.0,0.0,0.0,0.0,0.0,0.0,0.0,0.0,0.0,0.0,0.0,0.0,0.0,0,0,0,0,0,0,0,0,0,0,0,0,0,0,0,0,0,0,0,0,0,3,0.0,50,0,16.9,0.0,0.0,20030202,1,0,12.07,12.32,24.6,02/03/2020 17:05:59,0,1,0.0,0.0,0.0
,Mixed / non conventional,25.0,37.0,40.0,31.0,31285.75,0.57,0.0,-85.99,-3905.367,2.9410000000000003,250,0.0,0.0,0.0,0.0,0.0,0.0,0.0,0.0,0.0,0.0,0.0,0.0,0.0,0.0,0.0,0.0,0.0,0.0,0.0,0.0,0.0,0.0,0.0,0.0,0.0,0.0,0.0,0.0,0,0,0,0,0,0,0,0,0,0,0,0,0,0,0,0,0,0,0,0,0,3,0.0,50,0,16.9,0.0,0.0,20030202,2,0,12.07,12.32,24.6,02/03/2020 17:05:59,0,0,0.0,0.0,0.0
,Mixed / non conventional,25.0,37.0,31.0,43.0,69589.44,0.57,0.0,121.54,3619.49,2.9410000000000003,250,0.0,0.0,0.0,0.0,0.0,0.0,0.0,0.0,0.0,0.0,0.0,0.0,0.0,0.0,0.0,0.0,0.0,0.0,0.0,0.0,0.0,0.0,0.0,0.0,0.0,0.0,0.0,0.0,0,0,0,0,0,0,0,0,0,0,0,0,0,0,0,0,0,0,0,0,0,3,0.0,50,0,16.9,0.0,0.0,20030202,3,0,12.07,12.32,24.6,02/03/2020 17:05:59,0,0,0.0,0.0,0.0
,Mixed / non conventional,25.0,37.0,43.0,34.0,-80123.07,0.58,0.0,-152.43,-4167.367,2.9410000000000003,250,0.0,0.0,0.0,0.0,0.0,0.0,0.0,0.0,0.0,0.0,0.0,0.0,0.0,0.0,0.0,0.0,0.0,0.0,0.0,0.0,0.0,0.0,0.0,0.0,0.0,0.0,0.0,0.0,0,0,0,0,0,0,0,0,0,0,0,0,0,0,0,0,0,0,0,0,0,3,0.0,50,0,16.9,0.0,0.0,20030202,4,0,12.07,12.32,24.6,02/03/2020 17:05:59,0,0,0.0,0.0,0.0
,Mixed / non conventional,25.0,37.0,34.0,46.0,-58871.48,0.58,0.0,139.25,4374.325,2.9410000000000003,250,0.0,0.0,0.0,0.0,0.0,0.0,0.0,0.0,0.0,0.0,0.0,0.0,0.0,0.0,0.0,0.0,0.0,0.0,0.0,0.0,0.0,0.0,0.0,0.0,0.0,0.0,0.0,0.0,0,0,0,0,0,0,0,0,0,0,0,0,0,0,0,0,0,0,0,0,0,3,0.0,50,0,16.9,0.0,0.0,20030202,5,0,12.07,12.32,24.6,02/03/2020 17:05:59,0,0,0.0,0.0,0.0
,Mixed / non conventional,28.0,40.0,31.0,43.0,18289.48,0.51,0.0,102.56,4421.2970000000005,3.1069999999999998,250,0.0,0.0,0.0,0.0,0.0,0.0,0.0,0.0,0.0,0.0,0.0,0.0,0.0,0.0,0.0,0.0,0.0,0.0,0.0,0.0,0.0,0.0,0.0,0.0,0.0,0.0,0.0,0.0,0,0,0,0,0,0,0,0,0,0,0,0,0,0,0,0,0,0,0,0,0,3,0.0,50,0,16.0,0.0,0.0,20030202,1,0,12.07,12.3,24.6,02/03/2020 17:06:01,0,1,0.0,0.0,0.0
,Mixed / non conventional,28.0,40.0,43.0,34.0,30617.83,0.51,0.0,-121.42,-4037.208,3.1069999999999998,250,0.0,0.0,0.0,0.0,0.0,0.0,0.0,0.0,0.0,0.0,0.0,0.0,0.0,0.0,0.0,0.0,0.0,0.0,0.0,0.0,0.0,0.0,0.0,0.0,0.0,0.0,0.0,0.0,0,0,0,0,0,0,0,0,0,0,0,0,0,0,0,0,0,0,0,0,0,3,0.0,50,0,16.0,0.0,0.0,20030202,2,0,12.07,12.3,24.6,02/03/2020 17:06:01,0,0,0.0,0.0,0.0
,Mixed / non conventional,28.0,40.0,34.0,46.0,68361.6,0.51,0.0,113.42,3755.8459999999995,3.1069999999999998,250,0.0,0.0,0.0,0.0,0.0,0.0,0.0,0.0,0.0,0.0,0.0,0.0,0.0,0.0,0.0,0.0,0.0,0.0,0.0,0.0,0.0,0.0,0.0,0.0,0.0,0.0,0.0,0.0,0,0,0,0,0,0,0,0,0,0,0,0,0,0,0,0,0,0,0,0,0,3,0.0,50,0,16.0,0.0,0.0,20030202,3,0,12.07,12.3,24.6,02/03/2020 17:06:01,0,0,0.0,0.0,0.0
,Mixed / non conventional,28.0,40.0,46.0,25.0,22555.26,0.5,0.0,57.09,-4213.299,3.1069999999999998,250,0.0,0.0,0.0,0.0,0.0,0.0,0.0,0.0,0.0,0.0,0.0,0.0,0.0,0.0,0.0,0.0,0.0,0.0,0.0,0.0,0.0,0.0,0.0,0.0,0.0,0.0,0.0,0.0,0,0,0,0,0,0,0,0,0,0,0,0,0,0,0,0,0,0,0,0,0,3,0.0,50,0,16.0,0.0,0.0,20030202,4,0,12.07,12.3,24.6,02/03/2020 17:06:01,0,0,0.0,0.0,0.0
,Mixed / non conventional,28.0,40.0,25.0,37.0,19010.59,0.49,0.0,-185.71,4595.617,3.1069999999999998,250,0.0,0.0,0.0,0.0,0.0,0.0,0.0,0.0,0.0,0.0,0.0,0.0,0.0,0.0,0.0,0.0,0.0,0.0,0.0,0.0,0.0,0.0,0.0,0.0,0.0,0.0,0.0,0.0,0,0,0,0,0,0,0,0,0,0,0,0,0,0,0,0,0,0,0,0,0,3,0.0,50,0,16.0,0.0,0.0,20030202,5,0,12.07,12.3,24.6,02/03/2020 17:06:01,0,0,0.0,0.0,0.0
,Mixed / non conventional,31.0,43.0,34.0,46.0,18184.87,1.19,0.0,93.53,3827.0429999999997,2.705,250,0.0,0.0,0.0,0.0,0.0,0.0,0.0,0.0,0.0,0.0,0.0,0.0,0.0,0.0,0.0,0.0,0.0,0.0,0.0,0.0,0.0,0.0,0.0,0.0,0.0,0.0,0.0,0.0,0,0,0,0,0,0,0,0,0,0,0,0,0,0,0,0,0,0,0,0,0,3,0.0,50,0,18.4,0.0,0.0,20030202,1,0,12.07,12.32,24.6,02/03/2020 17:06:03,0,1,0.0,0.0,0.0
,Mixed / non conventional,31.0,43.0,46.0,25.0,20876.47,1.19,0.0,23.03,-3394.973,2.705,250,0.0,0.0,0.0,0.0,0.0,0.0,0.0,0.0,0.0,0.0,0.0,0.0,0.0,0.0,0.0,0.0,0.0,0.0,0.0,0.0,0.0,0.0,0.0,0.0,0.0,0.0,0.0,0.0,0,0,0,0,0,0,0,0,0,0,0,0,0,0,0,0,0,0,0,0,0,3,0.0,50,0,18.4,0.0,0.0,20030202,2,0,12.07,12.32,24.6,02/03/2020 17:06:03,0,0,0.0,0.0,0.0
,Mixed / non conventional,31.0,43.0,25.0,37.0,69355.98,1.19,0.0,-117.01,3317.297,2.705,250,0.0,0.0,0.0,0.0,0.0,0.0,0.0,0.0,0.0,0.0,0.0,0.0,0.0,0.0,0.0,0.0,0.0,0.0,0.0,0.0,0.0,0.0,0.0,0.0,0.0,0.0,0.0,0.0,0,0,0,0,0,0,0,0,0,0,0,0,0,0,0,0,0,0,0,0,0,3,0.0,50,0,18.4,0.0,0.0,20030202,3,0,12.07,12.32,24.6,02/03/2020 17:06:03,0,0,0.0,0.0,0.0
,Mixed / non conventional,31.0,43.0,37.0,28.0,32486.47,1.18,0.0,247.0,-3729.187,2.705,250,0.0,0.0,0.0,0.0,0.0,0.0,0.0,0.0,0.0,0.0,0.0,0.0,0.0,0.0,0.0,0.0,0.0,0.0,0.0,0.0,0.0,0.0,0.0,0.0,0.0,0.0,0.0,0.0,0,0,0,0,0,0,0,0,0,0,0,0,0,0,0,0,0,0,0,0,0,3,0.0,50,0,18.4,0.0,0.0,20030202,4,0,12.07,12.32,24.6,02/03/2020 17:06:03,0,0,0.0,0.0,0.0
,Mixed / non conventional,31.0,43.0,28.0,40.0,18546.14,1.17,0.0,-306.08,3903.072,2.705,250,0.0,0.0,0.0,0.0,0.0,0.0,0.0,0.0,0.0,0.0,0.0,0.0,0.0,0.0,0.0,0.0,0.0,0.0,0.0,0.0,0.0,0.0,0.0,0.0,0.0,0.0,0.0,0.0,0,0,0,0,0,0,0,0,0,0,0,0,0,0,0,0,0,0,0,0,0,3,0.0,50,0,18.4,0.0,0.0,20030202,5,0,12.07,12.32,24.6,02/03/2020 17:06:03,0,0,0.0,0.0,0.0
,Mixed / non conventional,34.0,46.0,25.0,37.0,-58540.65,1.39,0.0,-102.48,3008.7070000000003,2.0340000000000003,250,0.0,0.0,0.0,0.0,0.0,0.0,0.0,0.0,0.0,0.0,0.0,0.0,0.0,0.0,0.0,0.0,0.0,0.0,0.0,0.0,0.0,0.0,0.0,0.0,0.0,0.0,0.0,0.0,0,0,0,0,0,0,0,0,0,0,0,0,0,0,0,0,0,0,0,0,0,3,0.0,50,0,24.5,0.0,0.0,20030202,1,0,12.07,12.32,24.6,02/03/2020 17:06:05,0,1,0.0,0.0,0.0
,Mixed / non conventional,34.0,46.0,37.0,28.0,-74936.89,1.39,0.0,178.61,-2695.9759999999997,2.0340000000000003,250,0.0,0.0,0.0,0.0,0.0,0.0,0.0,0.0,0.0,0.0,0.0,0.0,0.0,0.0,0.0,0.0,0.0,0.0,0.0,0.0,0.0,0.0,0.0,0.0,0.0,0.0,0.0,0.0,0,0,0,0,0,0,0,0,0,0,0,0,0,0,0,0,0,0,0,0,0,3,0.0,50,0,24.5,0.0,0.0,20030202,2,0,12.07,12.32,24.6,02/03/2020 17:06:05,0,0,0.0,0.0,0.0
,Mixed / non conventional,34.0,46.0,28.0,40.0,69177.44,1.39,0.0,-209.77,2488.77,2.0340000000000003,250,0.0,0.0,0.0,0.0,0.0,0.0,0.0,0.0,0.0,0.0,0.0,0.0,0.0,0.0,0.0,0.0,0.0,0.0,0.0,0.0,0.0,0.0,0.0,0.0,0.0,0.0,0.0,0.0,0,0,0,0,0,0,0,0,0,0,0,0,0,0,0,0,0,0,0,0,0,3,0.0,50,0,24.5,0.0,0.0,20030202,3,0,12.07,12.32,24.6,02/03/2020 17:06:05,0,0,0.0,0.0,0.0
,Mixed / non conventional,34.0,46.0,40.0,31.0,31872.9,1.38,0.0,208.66,-2752.03,2.0340000000000003,250,0.0,0.0,0.0,0.0,0.0,0.0,0.0,0.0,0.0,0.0,0.0,0.0,0.0,0.0,0.0,0.0,0.0,0.0,0.0,0.0,0.0,0.0,0.0,0.0,0.0,0.0,0.0,0.0,0,0,0,0,0,0,0,0,0,0,0,0,0,0,0,0,0,0,0,0,0,3,0.0,50,0,24.5,0.0,0.0,20030202,4,0,12.07,12.32,24.6,02/03/2020 17:06:05,0,0,0.0,0.0,0.0
,Mixed / non conventional,34.0,46.0,31.0,43.0,18142.22,1.38,0.0,-208.05,2871.862,2.0340000000000003,250,0.0,0.0,0.0,0.0,0.0,0.0,0.0,0.0,0.0,0.0,0.0,0.0,0.0,0.0,0.0,0.0,0.0,0.0,0.0,0.0,0.0,0.0,0.0,0.0,0.0,0.0,0.0,0.0,0,0,0,0,0,0,0,0,0,0,0,0,0,0,0,0,0,0,0,0,0,3,0.0,50,0,24.5,0.0,0.0,20030202,5,0,12.07,12.32,24.6,02/03/2020 17:06:05,0,0,0.0,0.0,0.0
,Mixed / non conventional,37.0,49.0,40.0,52.0,7538.84,0.0,0.0,27.95,2923.7,4.984,250,0.0,0.0,0.0,0.0,0.0,0.0,0.0,0.0,0.0,0.0,0.0,0.0,0.0,0.0,0.0,0.0,0.0,0.0,0.0,0.0,0.0,0.0,0.0,0.0,0.0,0.0,0.0,0.0,0,0,0,0,0,0,0,0,0,0,0,0,0,0,0,0,0,0,0,0,0,3,0.0,49,0,9.9,0.0,0.0,20030202,1,0,12.07,12.35,25.0,02/03/2020 17:06:07,0,1,0.0,0.0,0.0
,Mixed / non conventional,37.0,49.0,52.0,43.0,11354.9,0.03,0.0,-14.45,-2401.9829999999997,4.984,250,0.0,0.0,0.0,0.0,0.0,0.0,0.0,0.0,0.0,0.0,0.0,0.0,0.0,0.0,0.0,0.0,0.0,0.0,0.0,0.0,0.0,0.0,0.0,0.0,0.0,0.0,0.0,0.0,0,0,0,0,0,0,0,0,0,0,0,0,0,0,0,0,0,0,0,0,0,3,0.0,49,0,9.9,0.0,0.0,20030202,2,0,12.07,12.35,25.0,02/03/2020 17:06:07,0,0,0.0,0.0,0.0
,Mixed / non conventional,37.0,49.0,43.0,55.0,24910.72,0.06,0.0,129.34,2195.643,4.984,250,0.0,0.0,0.0,0.0,0.0,0.0,0.0,0.0,0.0,0.0,0.0,0.0,0.0,0.0,0.0,0.0,0.0,0.0,0.0,0.0,0.0,0.0,0.0,0.0,0.0,0.0,0.0,0.0,0,0,0,0,0,0,0,0,0,0,0,0,0,0,0,0,0,0,0,0,0,3,0.0,49,0,9.9,0.0,0.0,20030202,3,0,12.07,12.35,25.0,02/03/2020 17:06:07,0,0,0.0,0.0,0.0
,Mixed / non conventional,37.0,49.0,55.0,46.0,-29719.47,0.05,0.0,-182.72,-2619.488,4.984,250,0.0,0.0,0.0,0.0,0.0,0.0,0.0,0.0,0.0,0.0,0.0,0.0,0.0,0.0,0.0,0.0,0.0,0.0,0.0,0.0,0.0,0.0,0.0,0.0,0.0,0.0,0.0,0.0,0,0,0,0,0,0,0,0,0,0,0,0,0,0,0,0,0,0,0,0,0,3,0.0,49,0,9.9,0.0,0.0,20030202,4,0,12.07,12.35,25.0,02/03/2020 17:06:07,0,0,0.0,0.0,0.0
,Mixed / non conventional,37.0,49.0,46.0,58.0,-22219.44,0.04,0.0,58.03,2797.76,4.984,250,0.0,0.0,0.0,0.0,0.0,0.0,0.0,0.0,0.0,0.0,0.0,0.0,0.0,0.0,0.0,0.0,0.0,0.0,0.0,0.0,0.0,0.0,0.0,0.0,0.0,0.0,0.0,0.0,0,0,0,0,0,0,0,0,0,0,0,0,0,0,0,0,0,0,0,0,0,3,0.0,49,0,9.9,0.0,0.0,20030202,5,0,12.07,12.35,25.0,02/03/2020 17:06:07,0,0,0.0,0.0,0.0
,Mixed / non conventional,40.0,52.0,43.0,55.0,7519.46,0.48,0.0,108.33,3481.239,5.95,250,0.0,0.0,0.0,0.0,0.0,0.0,0.0,0.0,0.0,0.0,0.0,0.0,0.0,0.0,0.0,0.0,0.0,0.0,0.0,0.0,0.0,0.0,0.0,0.0,0.0,0.0,0.0,0.0,0,0,0,0,0,0,0,0,0,0,0,0,0,0,0,0,0,0,0,0,0,3,0.0,49,0,8.3,0.0,0.0,20030202,1,0,12.07,12.32,24.6,02/03/2020 17:06:09,0,1,0.0,0.0,0.0
,Mixed / non conventional,40.0,52.0,55.0,46.0,11655.37,0.48,0.0,-147.63,-2943.28,5.95,250,0.0,0.0,0.0,0.0,0.0,0.0,0.0,0.0,0.0,0.0,0.0,0.0,0.0,0.0,0.0,0.0,0.0,0.0,0.0,0.0,0.0,0.0,0.0,0.0,0.0,0.0,0.0,0.0,0,0,0,0,0,0,0,0,0,0,0,0,0,0,0,0,0,0,0,0,0,3,0.0,49,0,8.3,0.0,0.0,20030202,2,0,12.07,12.32,24.6,02/03/2020 17:06:09,0,0,0.0,0.0,0.0
,Mixed / non conventional,40.0,52.0,46.0,58.0,25950.51,0.48,0.0,28.14,2730.487,5.95,250,0.0,0.0,0.0,0.0,0.0,0.0,0.0,0.0,0.0,0.0,0.0,0.0,0.0,0.0,0.0,0.0,0.0,0.0,0.0,0.0,0.0,0.0,0.0,0.0,0.0,0.0,0.0,0.0,0,0,0,0,0,0,0,0,0,0,0,0,0,0,0,0,0,0,0,0,0,3,0.0,49,0,8.3,0.0,0.0,20030202,3,0,12.07,12.32,24.6,02/03/2020 17:06:09,0,0,0.0,0.0,0.0
,Mixed / non conventional,40.0,52.0,58.0,37.0,9046.04,0.48,0.0,-80.6,-3236.171,5.95,250,0.0,0.0,0.0,0.0,0.0,0.0,0.0,0.0,0.0,0.0,0.0,0.0,0.0,0.0,0.0,0.0,0.0,0.0,0.0,0.0,0.0,0.0,0.0,0.0,0.0,0.0,0.0,0.0,0,0,0,0,0,0,0,0,0,0,0,0,0,0,0,0,0,0,0,0,0,3,0.0,49,0,8.3,0.0,0.0,20030202,4,0,12.07,12.32,24.6,02/03/2020 17:06:09,0,0,0.0,0.0,0.0
,Mixed / non conventional,40.0,52.0,37.0,49.0,7444.42,0.48,0.0,129.58,3446.498,5.95,250,0.0,0.0,0.0,0.0,0.0,0.0,0.0,0.0,0.0,0.0,0.0,0.0,0.0,0.0,0.0,0.0,0.0,0.0,0.0,0.0,0.0,0.0,0.0,0.0,0.0,0.0,0.0,0.0,0,0,0,0,0,0,0,0,0,0,0,0,0,0,0,0,0,0,0,0,0,3,0.0,49,0,8.3,0.0,0.0,20030202,5,0,12.07,12.32,24.6,02/03/2020 17:06:09,0,0,0.0,0.0,0.0
,Mixed / non conventional,43.0,55.0,46.0,58.0,7130.6,0.5,0.0,-0.8,2799.935,5.047,250,0.0,0.0,0.0,0.0,0.0,0.0,0.0,0.0,0.0,0.0,0.0,0.0,0.0,0.0,0.0,0.0,0.0,0.0,0.0,0.0,0.0,0.0,0.0,0.0,0.0,0.0,0.0,0.0,0,0,0,0,0,0,0,0,0,0,0,0,0,0,0,0,0,0,0,0,0,3,0.0,49,0,9.8,0.0,0.0,20030202,1,0,12.07,12.32,24.6,02/03/2020 17:06:11,0,1,0.0,0.0,0.0
,Mixed / non conventional,43.0,55.0,58.0,37.0,7843.51,0.49,0.0,-68.0,-2379.899,5.047,250,0.0,0.0,0.0,0.0,0.0,0.0,0.0,0.0,0.0,0.0,0.0,0.0,0.0,0.0,0.0,0.0,0.0,0.0,0.0,0.0,0.0,0.0,0.0,0.0,0.0,0.0,0.0,0.0,0,0,0,0,0,0,0,0,0,0,0,0,0,0,0,0,0,0,0,0,0,3,0.0,49,0,9.8,0.0,0.0,20030202,2,0,12.07,12.32,24.6,02/03/2020 17:06:11,0,0,0.0,0.0,0.0
,Mixed / non conventional,43.0,55.0,37.0,49.0,24566.43,0.49,0.0,116.15,2192.356,5.047,250,0.0,0.0,0.0,0.0,0.0,0.0,0.0,0.0,0.0,0.0,0.0,0.0,0.0,0.0,0.0,0.0,0.0,0.0,0.0,0.0,0.0,0.0,0.0,0.0,0.0,0.0,0.0,0.0,0,0,0,0,0,0,0,0,0,0,0,0,0,0,0,0,0,0,0,0,0,3,0.0,49,0,9.8,0.0,0.0,20030202,3,0,12.07,12.32,24.6,02/03/2020 17:06:11,0,0,0.0,0.0,0.0
,Mixed / non conventional,43.0,55.0,49.0,40.0,12803.83,0.48,0.0,201.28,-2742.3340000000003,5.047,250,0.0,0.0,0.0,0.0,0.0,0.0,0.0,0.0,0.0,0.0,0.0,0.0,0.0,0.0,0.0,0.0,0.0,0.0,0.0,0.0,0.0,0.0,0.0,0.0,0.0,0.0,0.0,0.0,0,0,0,0,0,0,0,0,0,0,0,0,0,0,0,0,0,0,0,0,0,3,0.0,49,0,9.8,0.0,0.0,20030202,4,0,12.07,12.32,24.6,02/03/2020 17:06:11,0,0,0.0,0.0,0.0
,Mixed / non conventional,43.0,55.0,40.0,52.0,7513.86,0.47,0.0,-398.72,2950.426,5.047,250,0.0,0.0,0.0,0.0,0.0,0.0,0.0,0.0,0.0,0.0,0.0,0.0,0.0,0.0,0.0,0.0,0.0,0.0,0.0,0.0,0.0,0.0,0.0,0.0,0.0,0.0,0.0,0.0,0,0,0,0,0,0,0,0,0,0,0,0,0,0,0,0,0,0,0,0,0,3,0.0,49,0,9.8,0.0,0.0,20030202,5,0,12.07,12.32,24.6,02/03/2020 17:06:11,0,0,0.0,0.0,0.0
,Mixed / non conventional,46.0,58.0,37.0,49.0,-21991.2,0.47,0.0,108.47,2062.46,3.7119999999999997,250,0.0,0.0,0.0,0.0,0.0,0.0,0.0,0.0,0.0,0.0,0.0,0.0,0.0,0.0,0.0,0.0,0.0,0.0,0.0,0.0,0.0,0.0,0.0,0.0,0.0,0.0,0.0,0.0,0,0,0,0,0,0,0,0,0,0,0,0,0,0,0,0,0,0,0,0,0,3,0.0,50,0,13.3,0.0,0.0,20030202,1,0,12.07,12.3,24.6,02/03/2020 17:06:13,0,1,0.0,0.0,0.0
,Mixed / non conventional,46.0,58.0,49.0,40.0,-27675.28,0.47,0.0,131.9,-1816.881,3.7119999999999997,250,0.0,0.0,0.0,0.0,0.0,0.0,0.0,0.0,0.0,0.0,0.0,0.0,0.0,0.0,0.0,0.0,0.0,0.0,0.0,0.0,0.0,0.0,0.0,0.0,0.0,0.0,0.0,0.0,0,0,0,0,0,0,0,0,0,0,0,0,0,0,0,0,0,0,0,0,0,3,0.0,50,0,13.3,0.0,0.0,20030202,2,0,12.07,12.3,24.6,02/03/2020 17:06:13,0,0,0.0,0.0,0.0
,Mixed / non conventional,46.0,58.0,40.0,52.0,26041.42,0.47,0.0,-284.96,1709.619,3.7119999999999997,250,0.0,0.0,0.0,0.0,0.0,0.0,0.0,0.0,0.0,0.0,0.0,0.0,0.0,0.0,0.0,0.0,0.0,0.0,0.0,0.0,0.0,0.0,0.0,0.0,0.0,0.0,0.0,0.0,0,0,0,0,0,0,0,0,0,0,0,0,0,0,0,0,0,0,0,0,0,3,0.0,50,0,13.3,0.0,0.0,20030202,3,0,12.07,12.3,24.6,02/03/2020 17:06:13,0,0,0.0,0.0,0.0
,Mixed / non conventional,46.0,58.0,52.0,43.0,12378.88,0.46,0.0,366.78,-1950.415,3.7119999999999997,250,0.0,0.0,0.0,0.0,0.0,0.0,0.0,0.0,0.0,0.0,0.0,0.0,0.0,0.0,0.0,0.0,0.0,0.0,0.0,0.0,0.0,0.0,0.0,0.0,0.0,0.0,0.0,0.0,0,0,0,0,0,0,0,0,0,0,0,0,0,0,0,0,0,0,0,0,0,3,0.0,50,0,13.3,0.0,0.0,20030202,4,0,12.07,12.3,24.6,02/03/2020 17:06:13,0,0,0.0,0.0,0.0
,Mixed / non conventional,46.0,58.0,43.0,55.0,7162.69,0.46,0.0,-233.44,2069.015,3.7119999999999997,250,0.0,0.0,0.0,0.0,0.0,0.0,0.0,0.0,0.0,0.0,0.0,0.0,0.0,0.0,0.0,0.0,0.0,0.0,0.0,0.0,0.0,0.0,0.0,0.0,0.0,0.0,0.0,0.0,0,0,0,0,0,0,0,0,0,0,0,0,0,0,0,0,0,0,0,0,0,3,0.0,50,0,13.3,0.0,0.0,20030202,5,0,12.07,12.3,24.6,02/03/2020 17:06:13,0,0,0.0,0.0,0.0
,Mixed / non conventional,49.0,61.0,52.0,64.0,3540.86,0.64,0.0,-612.58,2474.9139999999998,8.982999999999999,250,0.0,0.0,0.0,0.0,0.0,0.0,0.0,0.0,0.0,0.0,0.0,0.0,0.0,0.0,0.0,0.0,0.0,0.0,0.0,0.0,0.0,0.0,0.0,0.0,0.0,0.0,0.0,0.0,0,0,0,0,0,0,0,0,0,0,0,0,0,0,0,0,0,0,0,0,0,3,0.0,49,0,5.4,0.0,0.0,20030202,1,0,12.04,12.32,24.6,02/03/2020 17:06:15,0,1,0.0,0.0,0.0
,Mixed / non conventional,49.0,61.0,64.0,55.0,5646.73,0.64,0.0,761.77,-2152.815,8.982999999999999,250,0.0,0.0,0.0,0.0,0.0,0.0,0.0,0.0,0.0,0.0,0.0,0.0,0.0,0.0,0.0,0.0,0.0,0.0,0.0,0.0,0.0,0.0,0.0,0.0,0.0,0.0,0.0,0.0,0,0,0,0,0,0,0,0,0,0,0,0,0,0,0,0,0,0,0,0,0,3,0.0,49,0,5.4,0.0,0.0,20030202,2,0,12.04,12.32,24.6,02/03/2020 17:06:15,0,0,0.0,0.0,0.0
,Mixed / non conventional,49.0,61.0,55.0,67.0,11486.03,0.64,0.0,-572.22,1824.602,8.982999999999999,250,0.0,0.0,0.0,0.0,0.0,0.0,0.0,0.0,0.0,0.0,0.0,0.0,0.0,0.0,0.0,0.0,0.0,0.0,0.0,0.0,0.0,0.0,0.0,0.0,0.0,0.0,0.0,0.0,0,0,0,0,0,0,0,0,0,0,0,0,0,0,0,0,0,0,0,0,0,3,0.0,49,0,5.4,0.0,0.0,20030202,3,0,12.04,12.32,24.6,02/03/2020 17:06:15,0,0,0.0,0.0,0.0
,Mixed / non conventional,49.0,61.0,67.0,58.0,-13634.7,0.66,0.0,434.56,-2165.927,8.982999999999999,250,0.0,0.0,0.0,0.0,0.0,0.0,0.0,0.0,0.0,0.0,0.0,0.0,0.0,0.0,0.0,0.0,0.0,0.0,0.0,0.0,0.0,0.0,0.0,0.0,0.0,0.0,0.0,0.0,0,0,0,0,0,0,0,0,0,0,0,0,0,0,0,0,0,0,0,0,0,3,0.0,49,0,5.4,0.0,0.0,20030202,4,0,12.04,12.32,24.6,02/03/2020 17:06:15,0,0,0.0,0.0,0.0
,Mixed / non conventional,49.0,61.0,58.0,70.0,-10835.6,0.66,0.0,-642.21,2458.97,8.982999999999999,250,0.0,0.0,0.0,0.0,0.0,0.0,0.0,0.0,0.0,0.0,0.0,0.0,0.0,0.0,0.0,0.0,0.0,0.0,0.0,0.0,0.0,0.0,0.0,0.0,0.0,0.0,0.0,0.0,0,0,0,0,0,0,0,0,0,0,0,0,0,0,0,0,0,0,0,0,0,3,0.0,49,0,5.4,0.0,0.0,20030202,5,0,12.04,12.32,24.6,02/03/2020 17:06:15,0,0,0.0,0.0,0.0
,Mixed / non conventional,52.0,64.0,55.0,67.0,3442.54,0.41,0.0,-589.59,2967.579,11.079,250,0.0,0.0,0.0,0.0,0.0,0.0,0.0,0.0,0.0,0.0,0.0,0.0,0.0,0.0,0.0,0.0,0.0,0.0,0.0,0.0,0.0,0.0,0.0,0.0,0.0,0.0,0.0,0.0,0,0,0,0,0,0,0,0,0,0,0,0,0,0,0,0,0,0,0,0,0,3,0.0,49,1,4.4,0.0,0.0,20030202,1,0,12.04,12.3,24.6,02/03/2020 17:06:17,0,1,0.0,0.0,0.0
,Mixed / non conventional,52.0,64.0,67.0,58.0,5417.3,0.41,0.0,468.28,-2547.212,11.079,250,0.0,0.0,0.0,0.0,0.0,0.0,0.0,0.0,0.0,0.0,0.0,0.0,0.0,0.0,0.0,0.0,0.0,0.0,0.0,0.0,0.0,0.0,0.0,0.0,0.0,0.0,0.0,0.0,0,0,0,0,0,0,0,0,0,0,0,0,0,0,0,0,0,0,0,0,0,3,0.0,49,1,4.4,0.0,0.0,20030202,2,0,12.04,12.3,24.6,02/03/2020 17:06:17,0,0,0.0,0.0,0.0
,Mixed / non conventional,52.0,64.0,58.0,70.0,11410.04,0.42,0.0,-671.27,2235.416,11.079,250,0.0,0.0,0.0,0.0,0.0,0.0,0.0,0.0,0.0,0.0,0.0,0.0,0.0,0.0,0.0,0.0,0.0,0.0,0.0,0.0,0.0,0.0,0.0,0.0,0.0,0.0,0.0,0.0,0,0,0,0,0,0,0,0,0,0,0,0,0,0,0,0,0,0,0,0,0,3,0.0,49,1,4.4,0.0,0.0,20030202,3,0,12.04,12.3,24.6,02/03/2020 17:06:17,0,0,0.0,0.0,0.0
,Mixed / non conventional,52.0,64.0,70.0,49.0,3998.29,0.47,0.0,870.8,-2663.328,11.079,250,0.0,0.0,0.0,0.0,0.0,0.0,0.0,0.0,0.0,0.0,0.0,0.0,0.0,0.0,0.0,0.0,0.0,0.0,0.0,0.0,0.0,0.0,0.0,0.0,0.0,0.0,0.0,0.0,0,0,0,0,0,0,0,0,0,0,0,0,0,0,0,0,0,0,0,0,0,3,0.0,49,1,4.4,0.0,0.0,20030202,4,0,12.04,12.3,24.6,02/03/2020 17:06:17,0,0,0.0,0.0,0.0
,Mixed / non conventional,52.0,64.0,49.0,61.0,3554.55,0.57,0.0,-607.85,3064.14,11.079,250,0.0,0.0,0.0,0.0,0.0,0.0,0.0,0.0,0.0,0.0,0.0,0.0,0.0,0.0,0.0,0.0,0.0,0.0,0.0,0.0,0.0,0.0,0.0,0.0,0.0,0.0,0.0,0.0,0,0,0,0,0,0,0,0,0,0,0,0,0,0,0,0,0,0,0,0,0,3,0.0,49,1,4.4,0.0,0.0,20030202,5,0,12.04,12.3,24.6,02/03/2020 17:06:17,0,0,0.0,0.0,0.0
,Mixed / non conventional,55.0,67.0,58.0,70.0,3497.85,0.71,0.0,-649.76,3072.1659999999997,11.288,250,0.0,0.0,0.0,0.0,0.0,0.0,0.0,0.0,0.0,0.0,0.0,0.0,0.0,0.0,0.0,0.0,0.0,0.0,0.0,0.0,0.0,0.0,0.0,0.0,0.0,0.0,0.0,0.0,0,0,0,0,0,0,0,0,0,0,0,0,0,0,0,0,0,0,0,0,0,3,0.0,49,1,4.3,0.0,0.0,20030202,1,0,12.04,12.32,24.6,02/03/2020 17:06:19,0,1,0.0,0.0,0.0
,Mixed / non conventional,55.0,67.0,70.0,49.0,3903.47,0.71,0.0,796.45,-2649.239,11.288,250,0.0,0.0,0.0,0.0,0.0,0.0,0.0,0.0,0.0,0.0,0.0,0.0,0.0,0.0,0.0,0.0,0.0,0.0,0.0,0.0,0.0,0.0,0.0,0.0,0.0,0.0,0.0,0.0,0,0,0,0,0,0,0,0,0,0,0,0,0,0,0,0,0,0,0,0,0,3,0.0,49,1,4.3,0.0,0.0,20030202,2,0,12.04,12.32,24.6,02/03/2020 17:06:19,0,0,0.0,0.0,0.0
,Mixed / non conventional,55.0,67.0,49.0,61.0,11399.9,0.71,0.0,-428.27,2275.581,11.288,250,0.0,0.0,0.0,0.0,0.0,0.0,0.0,0.0,0.0,0.0,0.0,0.0,0.0,0.0,0.0,0.0,0.0,0.0,0.0,0.0,0.0,0.0,0.0,0.0,0.0,0.0,0.0,0.0,0,0,0,0,0,0,0,0,0,0,0,0,0,0,0,0,0,0,0,0,0,3,0.0,49,1,4.3,0.0,0.0,20030202,3,0,12.04,12.32,24.6,02/03/2020 17:06:19,0,0,0.0,0.0,0.0
,Mixed / non conventional,55.0,67.0,61.0,52.0,5581.56,0.72,0.0,530.65,-2673.98,11.288,250,0.0,0.0,0.0,0.0,0.0,0.0,0.0,0.0,0.0,0.0,0.0,0.0,0.0,0.0,0.0,0.0,0.0,0.0,0.0,0.0,0.0,0.0,0.0,0.0,0.0,0.0,0.0,0.0,0,0,0,0,0,0,0,0,0,0,0,0,0,0,0,0,0,0,0,0,0,3,0.0,49,1,4.3,0.0,0.0,20030202,4,0,12.04,12.32,24.6,02/03/2020 17:06:19,0,0,0.0,0.0,0.0
,Mixed / non conventional,55.0,67.0,52.0,64.0,3412.85,0.75,0.0,-1165.96,2997.511,11.288,250,0.0,0.0,0.0,0.0,0.0,0.0,0.0,0.0,0.0,0.0,0.0,0.0,0.0,0.0,0.0,0.0,0.0,0.0,0.0,0.0,0.0,0.0,0.0,0.0,0.0,0.0,0.0,0.0,0,0,0,0,0,0,0,0,0,0,0,0,0,0,0,0,0,0,0,0,0,3,0.0,49,1,4.3,0.0,0.0,20030202,5,0,12.04,12.32,24.6,02/03/2020 17:06:19,0,0,0.0,0.0,0.0
,Mixed / non conventional,58.0,70.0,49.0,61.0,-10901.81,0.43,0.0,-392.57,3164.833,11.491,250,0.0,0.0,0.0,0.0,0.0,0.0,0.0,0.0,0.0,0.0,0.0,0.0,0.0,0.0,0.0,0.0,0.0,0.0,0.0,0.0,0.0,0.0,0.0,0.0,0.0,0.0,0.0,0.0,0,0,0,0,0,0,0,0,0,0,0,0,0,0,0,0,0,0,0,0,0,3,0.0,49,1,4.3,0.0,0.0,20030202,1,0,12.04,12.32,24.6,02/03/2020 17:06:21,0,1,0.0,0.0,0.0
,Mixed / non conventional,58.0,70.0,61.0,52.0,-13299.48,0.43,0.0,453.46,-2702.618,11.491,250,0.0,0.0,0.0,0.0,0.0,0.0,0.0,0.0,0.0,0.0,0.0,0.0,0.0,0.0,0.0,0.0,0.0,0.0,0.0,0.0,0.0,0.0,0.0,0.0,0.0,0.0,0.0,0.0,0,0,0,0,0,0,0,0,0,0,0,0,0,0,0,0,0,0,0,0,0,3,0.0,49,1,4.3,0.0,0.0,20030202,2,0,12.04,12.32,24.6,02/03/2020 17:06:21,0,0,0.0,0.0,0.0
,Mixed / non conventional,58.0,70.0,52.0,64.0,11469.46,0.45,0.0,-996.3,2330.737,11.491,250,0.0,0.0,0.0,0.0,0.0,0.0,0.0,0.0,0.0,0.0,0.0,0.0,0.0,0.0,0.0,0.0,0.0,0.0,0.0,0.0,0.0,0.0,0.0,0.0,0.0,0.0,0.0,0.0,0,0,0,0,0,0,0,0,0,0,0,0,0,0,0,0,0,0,0,0,0,3,0.0,49,1,4.3,0.0,0.0,20030202,3,0,12.04,12.32,24.6,02/03/2020 17:06:21,0,0,0.0,0.0,0.0
,Mixed / non conventional,58.0,70.0,64.0,55.0,5739.98,0.48,0.0,1164.67,-2799.4429999999998,11.491,250,0.0,0.0,0.0,0.0,0.0,0.0,0.0,0.0,0.0,0.0,0.0,0.0,0.0,0.0,0.0,0.0,0.0,0.0,0.0,0.0,0.0,0.0,0.0,0.0,0.0,0.0,0.0,0.0,0,0,0,0,0,0,0,0,0,0,0,0,0,0,0,0,0,0,0,0,0,3,0.0,49,1,4.3,0.0,0.0,20030202,4,0,12.04,12.32,24.6,02/03/2020 17:06:21,0,0,0.0,0.0,0.0
,Mixed / non conventional,58.0,70.0,55.0,67.0,3543.33,0.55,0.0,-1096.87,3168.211,11.491,250,0.0,0.0,0.0,0.0,0.0,0.0,0.0,0.0,0.0,0.0,0.0,0.0,0.0,0.0,0.0,0.0,0.0,0.0,0.0,0.0,0.0,0.0,0.0,0.0,0.0,0.0,0.0,0.0,0,0,0,0,0,0,0,0,0,0,0,0,0,0,0,0,0,0,0,0,0,3,0.0,49,1,4.3,0.0,0.0,20030202,5,0,12.04,12.32,24.6,02/03/2020 17:06:21,0,0,0.0,0.0,0.0
