,El-array,xA (m),xB (m),xM (m),xN (m),Global xA (m),Global xB (m),Global xM (m),Global xN (m),Rho (Ohm.m),Dev. Rho (%),SP (mV),VMN (mV),IAB (mA),Time (ms),Coef. k (m),Metal factor,yA (m),yB (m),yM (m),yN (m),Global yA (m),Global yB (m),Global yM (m),Global yN (m),zA (m),zB (m),zM (m),zN (m),Global zA (m),Global zB (m),Global zM (m),Global zN (m),N° electrode A,N° electrode B,N° electrode M,N° electrode N,Depth A (m),Depth B (m),Depth M (m),Depth N (m),Stack,Rs-Check,Vab (V),Pab (W),Rab (kOhm),Latitude,Longitude,UTM (WSG84),Name,Channel,Overload,Tx-Bat (V),Tx Temp. (°C),Rx-Bat (V),Rx Temp. (°C),Date,Gapfiller,Synch
,Hole surf.,0.07,0.15,0.07,0.15,0.07,0.15,0.07,0.15,50.81,0.99,100.96,336.935,0.550,500,0.08,0.00,0.00,0.00,0.00,0.00,0.00,0.00,0.00,0.00,-0.02,-0.02,-0.04,-0.04,-0.02,-0.02,-0.04,-0.04,1,13,2,14,0.00,0.00,0.00,0.00,6,0.000,2,3.6,0,00.000000,00.000000,,1_DD_vert ,1,0,11.83,0.0,12.21,20.6,11/19/2021 3:34:59 PM,0,0
,Hole surf.,0.07,0.15,0.15,0.07,0.07,0.15,0.15,0.07,51.46,1.02,-84.15,-232.872,0.550,500,-0.12,0.00,0.00,0.00,0.00,0.00,0.00,0.00,0.00,0.00,-0.02,-0.02,-0.04,-0.06,-0.02,-0.02,-0.04,-0.06,1,13,14,3,0.00,0.00,0.00,0.00,6,0.000,2,3.6,0,00.000000,00.000000,,1_DD_vert ,2,0,11.83,0.0,12.21,20.6,11/19/2021 3:34:59 PM,0,1
,Hole surf.,0.07,0.15,0.07,0.15,0.07,0.15,0.07,0.15,58.37,0.36,74.81,145.607,0.567,500,0.23,0.00,0.00,0.00,0.00,0.00,0.00,0.00,0.00,0.00,-0.02,-0.02,-0.06,-0.06,-0.02,-0.02,-0.06,-0.06,1,13,3,15,0.00,0.00,0.00,0.00,3,0.000,2,3.4,0,00.000000,00.000000,,1_DD_vert ,1,0,11.83,0.0,12.21,20.6,11/19/2021 3:35:02 PM,0,0
,Hole surf.,0.07,0.15,0.15,0.07,0.07,0.15,0.15,0.07,60.53,0.40,-46.80,-111.918,0.567,500,-0.31,0.00,0.00,0.00,0.00,0.00,0.00,0.00,0.00,0.00,-0.02,-0.02,-0.06,-0.08,-0.02,-0.02,-0.06,-0.08,1,13,15,4,0.00,0.00,0.00,0.00,3,0.000,2,3.4,0,00.000000,00.000000,,1_DD_vert ,2,0,11.83,0.0,12.21,20.6,11/19/2021 3:35:02 PM,0,1
,Hole surf.,0.07,0.15,0.07,0.15,0.07,0.15,0.07,0.15,69.25,0.16,70.91,84.143,0.573,500,0.47,0.00,0.00,0.00,0.00,0.00,0.00,0.00,0.00,0.00,-0.02,-0.02,-0.08,-0.08,-0.02,-0.02,-0.08,-0.08,1,13,4,16,0.00,0.00,0.00,0.00,3,0.000,2,3.4,0,00.000000,00.000000,,1_DD_vert ,1,0,11.83,0.0,12.19,20.6,11/19/2021 3:35:05 PM,0,0
,Hole surf.,0.07,0.15,0.15,0.07,0.07,0.15,0.15,0.07,72.79,0.11,-41.82,-68.506,0.573,500,-0.61,0.00,0.00,0.00,0.00,0.00,0.00,0.00,0.00,0.00,-0.02,-0.02,-0.08,-0.10,-0.02,-0.02,-0.08,-0.10,1,13,16,5,0.00,0.00,0.00,0.00,3,0.000,2,3.4,0,00.000000,00.000000,,1_DD_vert ,2,0,11.83,0.0,12.19,20.6,11/19/2021 3:35:05 PM,0,1
,Hole surf.,0.07,0.15,0.07,0.15,0.07,0.15,0.07,0.15,82.08,0.07,63.00,63.666,0.666,500,0.86,0.00,0.00,0.00,0.00,0.00,0.00,0.00,0.00,0.00,-0.02,-0.02,-0.10,-0.10,-0.02,-0.02,-0.10,-0.10,1,13,5,17,0.00,0.00,0.00,0.00,3,0.000,2,2.8,0,00.000000,00.000000,,1_DD_vert ,1,0,11.83,0.0,12.21,20.6,11/19/2021 3:35:09 PM,0,0
,Hole surf.,0.07,0.15,0.15,0.07,0.07,0.15,0.15,0.07,84.54,0.14,-26.09,-52.412,0.666,500,-1.07,0.00,0.00,0.00,0.00,0.00,0.00,0.00,0.00,0.00,-0.02,-0.02,-0.10,-0.12,-0.02,-0.02,-0.10,-0.12,1,13,17,6,0.00,0.00,0.00,0.00,3,0.000,2,2.8,0,00.000000,00.000000,,1_DD_vert ,2,0,11.83,0.0,12.21,20.6,11/19/2021 3:35:09 PM,0,1
,Hole surf.,0.07,0.15,0.07,0.15,0.07,0.15,0.07,0.15,94.75,0.12,46.26,51.579,0.780,500,1.43,0.00,0.00,0.00,0.00,0.00,0.00,0.00,0.00,0.00,-0.02,-0.02,-0.12,-0.12,-0.02,-0.02,-0.12,-0.12,1,13,6,18,0.00,0.00,0.00,0.00,3,0.000,2,2.8,0,00.000000,00.000000,,1_DD_vert ,1,0,11.83,0.0,12.21,20.6,11/19/2021 3:35:12 PM,0,1
,Hole surf.,0.07,0.15,0.07,0.15,0.07,0.15,0.07,0.15,110.19,0.40,58.56,57.443,1.170,500,2.24,0.00,0.00,0.00,0.00,0.00,0.00,0.00,0.00,0.00,-0.02,-0.02,-0.14,-0.14,-0.02,-0.02,-0.14,-0.14,1,13,7,19,0.00,0.00,0.00,0.00,3,0.000,3,2.7,0,00.000000,00.000000,,1_DD_vert ,1,0,11.83,0.0,12.19,20.6,11/19/2021 3:35:15 PM,0,0
,Hole surf.,0.07,0.15,0.15,0.07,0.07,0.15,0.15,0.07,114.79,0.39,-34.66,-50.042,1.170,500,-2.68,0.00,0.00,0.00,0.00,0.00,0.00,0.00,0.00,0.00,-0.02,-0.02,-0.14,-0.16,-0.02,-0.02,-0.14,-0.16,1,13,19,8,0.00,0.00,0.00,0.00,3,0.000,3,2.7,0,00.000000,00.000000,,1_DD_vert ,2,0,11.83,0.0,12.19,20.6,11/19/2021 3:35:15 PM,0,1
,Hole surf.,0.07,0.15,0.07,0.15,0.07,0.15,0.07,0.15,126.01,0.58,31.34,55.755,1.477,500,3.34,0.00,0.00,0.00,0.00,0.00,0.00,0.00,0.00,0.00,-0.02,-0.02,-0.16,-0.16,-0.02,-0.02,-0.16,-0.16,1,13,8,20,0.00,0.00,0.00,0.00,3,0.000,4,2.6,0,00.000000,00.000000,,1_DD_vert ,1,0,11.83,0.0,12.19,20.6,11/19/2021 3:35:18 PM,0,0
,Hole surf.,0.07,0.15,0.15,0.07,0.07,0.15,0.15,0.07,131.60,0.58,-82.92,-49.527,1.477,500,-3.92,0.00,0.00,0.00,0.00,0.00,0.00,0.00,0.00,0.00,-0.02,-0.02,-0.16,-0.18,-0.02,-0.02,-0.16,-0.18,1,13,20,9,0.00,0.00,0.00,0.00,3,0.000,4,2.6,0,00.000000,00.000000,,1_DD_vert ,2,0,11.83,0.0,12.19,20.6,11/19/2021 3:35:18 PM,0,1
,Hole surf.,0.07,0.15,0.07,0.15,0.07,0.15,0.07,0.15,146.20,0.71,286.52,49.345,1.607,500,4.76,0.00,0.00,0.00,0.00,0.00,0.00,0.00,0.00,0.00,-0.02,-0.02,-0.18,-0.18,-0.02,-0.02,-0.18,-0.18,1,13,9,21,0.00,0.00,0.00,0.00,3,0.000,4,2.6,0,00.000000,00.000000,,1_DD_vert ,1,0,11.83,0.0,12.21,20.6,11/19/2021 3:35:21 PM,0,1
,Hole surf.,0.07,0.15,0.07,0.15,0.07,0.15,0.07,0.15,42.97,0.08,123.99,323.491,0.624,500,0.08,0.00,0.00,0.00,0.00,0.00,0.00,0.00,0.00,0.00,-0.04,-0.04,-0.06,-0.06,-0.04,-0.04,-0.06,-0.06,2,14,3,15,0.00,0.00,0.00,0.00,3,0.000,2,3.0,0,00.000000,00.000000,,1_DD_vert ,1,0,11.83,0.0,12.19,20.6,11/19/2021 3:35:24 PM,0,0
,Hole surf.,0.07,0.15,0.15,0.07,0.07,0.15,0.15,0.07,44.73,0.07,-96.18,-229.789,0.624,500,-0.12,0.00,0.00,0.00,0.00,0.00,0.00,0.00,0.00,0.00,-0.04,-0.04,-0.06,-0.08,-0.04,-0.04,-0.06,-0.08,2,14,15,4,0.00,0.00,0.00,0.00,3,0.000,2,3.0,0,00.000000,00.000000,,1_DD_vert ,2,0,11.83,0.0,12.19,20.6,11/19/2021 3:35:24 PM,0,1
,Hole surf.,0.07,0.15,0.07,0.15,0.07,0.15,0.07,0.15,52.79,0.53,87.00,149.153,0.642,500,0.23,0.00,0.00,0.00,0.00,0.00,0.00,0.00,0.00,0.00,-0.04,-0.04,-0.08,-0.08,-0.04,-0.04,-0.08,-0.08,2,14,4,16,0.00,0.00,0.00,0.00,3,0.000,2,2.9,0,00.000000,00.000000,,1_DD_vert ,1,0,11.83,0.0,12.19,20.6,11/19/2021 3:35:27 PM,0,0
,Hole surf.,0.07,0.15,0.15,0.07,0.07,0.15,0.15,0.07,55.54,0.52,-54.17,-116.313,0.642,500,-0.31,0.00,0.00,0.00,0.00,0.00,0.00,0.00,0.00,0.00,-0.04,-0.04,-0.08,-0.10,-0.04,-0.04,-0.08,-0.10,2,14,16,5,0.00,0.00,0.00,0.00,3,0.000,2,2.9,0,00.000000,00.000000,,1_DD_vert ,2,0,11.83,0.0,12.19,20.6,11/19/2021 3:35:27 PM,0,1
,Hole surf.,0.07,0.15,0.07,0.15,0.07,0.15,0.07,0.15,62.88,0.11,70.16,86.791,0.650,500,0.47,0.00,0.00,0.00,0.00,0.00,0.00,0.00,0.00,0.00,-0.04,-0.04,-0.10,-0.10,-0.04,-0.04,-0.10,-0.10,2,14,5,17,0.00,0.00,0.00,0.00,3,0.000,2,2.8,0,00.000000,00.000000,,1_DD_vert ,1,0,11.83,0.0,12.19,20.6,11/19/2021 3:35:30 PM,0,0
,Hole surf.,0.07,0.15,0.15,0.07,0.07,0.15,0.15,0.07,64.95,0.03,-33.44,-69.438,0.650,500,-0.61,0.00,0.00,0.00,0.00,0.00,0.00,0.00,0.00,0.00,-0.04,-0.04,-0.10,-0.12,-0.04,-0.04,-0.10,-0.12,2,14,17,6,0.00,0.00,0.00,0.00,3,0.000,2,2.8,0,00.000000,00.000000,,1_DD_vert ,2,0,11.83,0.0,12.19,20.6,11/19/2021 3:35:30 PM,0,1
,Hole surf.,0.07,0.15,0.07,0.15,0.07,0.15,0.07,0.15,73.49,0.19,52.90,62.786,0.733,500,0.86,0.00,0.00,0.00,0.00,0.00,0.00,0.00,0.00,0.00,-0.04,-0.04,-0.12,-0.12,-0.04,-0.04,-0.12,-0.12,2,14,6,18,0.00,0.00,0.00,0.00,3,0.000,2,2.4,0,00.000000,00.000000,,1_DD_vert ,1,0,11.83,0.0,12.19,20.6,11/19/2021 3:35:33 PM,0,0
,Hole surf.,0.07,0.15,0.15,0.07,0.07,0.15,0.15,0.07,79.54,0.20,115.47,-54.316,0.733,500,-1.07,0.00,0.00,0.00,0.00,0.00,0.00,0.00,0.00,0.00,-0.04,-0.04,-0.12,-0.14,-0.04,-0.04,-0.12,-0.14,2,14,18,7,0.00,0.00,0.00,0.00,3,0.000,2,2.4,0,00.000000,00.000000,,1_DD_vert ,2,0,11.83,0.0,12.19,20.6,11/19/2021 3:35:33 PM,0,1
,Hole surf.,0.07,0.15,0.07,0.15,0.07,0.15,0.07,0.15,86.39,0.34,58.82,53.060,0.881,500,1.43,0.00,0.00,0.00,0.00,0.00,0.00,0.00,0.00,0.00,-0.04,-0.04,-0.14,-0.14,-0.04,-0.04,-0.14,-0.14,2,14,7,19,0.00,0.00,0.00,0.00,3,0.000,2,2.4,0,00.000000,00.000000,,1_DD_vert ,1,0,11.83,0.0,12.19,20.6,11/19/2021 3:35:36 PM,0,1
,Hole surf.,0.07,0.15,0.07,0.15,0.07,0.15,0.07,0.15,99.84,0.16,32.55,57.920,1.302,500,2.24,0.00,0.00,0.00,0.00,0.00,0.00,0.00,0.00,0.00,-0.04,-0.04,-0.16,-0.16,-0.04,-0.04,-0.16,-0.16,2,14,8,20,0.00,0.00,0.00,0.00,3,0.000,3,2.3,0,00.000000,00.000000,,1_DD_vert ,1,0,11.83,0.0,12.19,21.1,11/19/2021 3:35:40 PM,0,0
,Hole surf.,0.07,0.15,0.15,0.07,0.07,0.15,0.15,0.07,105.27,0.18,-86.86,-51.066,1.302,500,-2.68,0.00,0.00,0.00,0.00,0.00,0.00,0.00,0.00,0.00,-0.04,-0.04,-0.16,-0.18,-0.04,-0.04,-0.16,-0.18,2,14,20,9,0.00,0.00,0.00,0.00,3,0.000,3,2.3,0,00.000000,00.000000,,1_DD_vert ,2,0,11.83,0.0,12.19,21.1,11/19/2021 3:35:40 PM,0,1
,Hole surf.,0.07,0.15,0.07,0.15,0.07,0.15,0.07,0.15,117.16,0.23,293.22,55.329,1.576,500,3.34,0.00,0.00,0.00,0.00,0.00,0.00,0.00,0.00,0.00,-0.04,-0.04,-0.18,-0.18,-0.04,-0.04,-0.18,-0.18,2,14,9,21,0.00,0.00,0.00,0.00,3,0.000,4,2.4,0,00.000000,00.000000,,1_DD_vert ,1,0,11.83,0.0,12.19,21.1,11/19/2021 3:35:43 PM,0,0
,Hole surf.,0.07,0.15,0.15,0.07,0.07,0.15,0.15,0.07,126.30,0.22,-148.83,-50.732,1.576,500,-3.92,0.00,0.00,0.00,0.00,0.00,0.00,0.00,0.00,0.00,-0.04,-0.04,-0.18,-0.20,-0.04,-0.04,-0.18,-0.20,2,14,21,10,0.00,0.00,0.00,0.00,3,0.000,4,2.4,0,00.000000,00.000000,,1_DD_vert ,2,0,11.83,0.0,12.19,21.1,11/19/2021 3:35:43 PM,0,1
,Hole surf.,0.07,0.15,0.07,0.15,0.07,0.15,0.07,0.15,140.56,0.20,0.47,50.629,1.715,500,4.76,0.00,0.00,0.00,0.00,0.00,0.00,0.00,0.00,0.00,-0.04,-0.04,-0.20,-0.20,-0.04,-0.04,-0.20,-0.20,2,14,10,22,0.00,0.00,0.00,0.00,3,0.000,4,2.4,0,00.000000,00.000000,,1_DD_vert ,1,0,11.83,0.0,12.19,20.6,11/19/2021 3:35:46 PM,0,1
,Hole surf.,0.07,0.15,0.07,0.15,0.07,0.15,0.07,0.15,43.00,0.39,143.93,355.330,0.685,500,0.08,0.00,0.00,0.00,0.00,0.00,0.00,0.00,0.00,0.00,-0.06,-0.06,-0.08,-0.08,-0.06,-0.06,-0.08,-0.08,3,15,4,16,0.00,0.00,0.00,0.00,3,0.000,2,2.7,0,00.000000,00.000000,,1_DD_vert ,1,0,11.83,0.0,12.19,20.6,11/19/2021 3:35:49 PM,0,0
,Hole surf.,0.07,0.15,0.15,0.07,0.07,0.15,0.15,0.07,45.39,0.45,-114.06,-255.968,0.685,500,-0.12,0.00,0.00,0.00,0.00,0.00,0.00,0.00,0.00,0.00,-0.06,-0.06,-0.08,-0.10,-0.06,-0.06,-0.08,-0.10,3,15,16,5,0.00,0.00,0.00,0.00,3,0.000,2,2.7,0,00.000000,00.000000,,1_DD_vert ,2,0,11.83,0.0,12.19,20.6,11/19/2021 3:35:49 PM,0,1
,Hole surf.,0.07,0.15,0.07,0.15,0.07,0.15,0.07,0.15,51.70,0.40,89.24,159.673,0.702,500,0.23,0.00,0.00,0.00,0.00,0.00,0.00,0.00,0.00,0.00,-0.06,-0.06,-0.10,-0.10,-0.06,-0.06,-0.10,-0.10,3,15,5,17,0.00,0.00,0.00,0.00,3,0.000,2,2.6,0,00.000000,00.000000,,1_DD_vert ,1,0,11.83,0.0,12.19,21.1,11/19/2021 3:35:52 PM,0,0
,Hole surf.,0.07,0.15,0.15,0.07,0.07,0.15,0.15,0.07,53.02,0.40,-48.96,-121.372,0.702,500,-0.31,0.00,0.00,0.00,0.00,0.00,0.00,0.00,0.00,0.00,-0.06,-0.06,-0.10,-0.12,-0.06,-0.06,-0.10,-0.12,3,15,17,6,0.00,0.00,0.00,0.00,3,0.000,2,2.6,0,00.000000,00.000000,,1_DD_vert ,2,0,11.83,0.0,12.19,21.1,11/19/2021 3:35:52 PM,0,1
,Hole surf.,0.07,0.15,0.07,0.15,0.07,0.15,0.07,0.15,59.79,0.25,63.60,89.969,0.709,500,0.47,0.00,0.00,0.00,0.00,0.00,0.00,0.00,0.00,0.00,-0.06,-0.06,-0.12,-0.12,-0.06,-0.06,-0.12,-0.12,3,15,6,18,0.00,0.00,0.00,0.00,3,0.000,2,2.5,0,00.000000,00.000000,,1_DD_vert ,1,0,11.83,0.0,12.19,20.6,11/19/2021 3:35:55 PM,0,0
,Hole surf.,0.07,0.15,0.15,0.07,0.07,0.15,0.15,0.07,64.65,0.28,109.97,-75.353,0.709,500,-0.61,0.00,0.00,0.00,0.00,0.00,0.00,0.00,0.00,0.00,-0.06,-0.06,-0.12,-0.14,-0.06,-0.06,-0.12,-0.14,3,15,18,7,0.00,0.00,0.00,0.00,3,0.000,2,2.5,0,00.000000,00.000000,,1_DD_vert ,2,0,11.83,0.0,12.19,20.6,11/19/2021 3:35:55 PM,0,1
,Hole surf.,0.07,0.15,0.07,0.15,0.07,0.15,0.07,0.15,69.80,0.16,61.82,64.133,0.788,500,0.86,0.00,0.00,0.00,0.00,0.00,0.00,0.00,0.00,0.00,-0.06,-0.06,-0.14,-0.14,-0.06,-0.06,-0.14,-0.14,3,15,7,19,0.00,0.00,0.00,0.00,3,0.000,2,2.2,0,00.000000,00.000000,,1_DD_vert ,1,0,11.83,0.0,12.19,21.1,11/19/2021 3:35:58 PM,0,0
,Hole surf.,0.07,0.15,0.15,0.07,0.07,0.15,0.15,0.07,73.45,0.15,-39.14,-53.938,0.788,500,-1.07,0.00,0.00,0.00,0.00,0.00,0.00,0.00,0.00,0.00,-0.06,-0.06,-0.14,-0.16,-0.06,-0.06,-0.14,-0.16,3,15,19,8,0.00,0.00,0.00,0.00,3,0.000,2,2.2,0,00.000000,00.000000,,1_DD_vert ,2,0,11.83,0.0,12.19,21.1,11/19/2021 3:35:58 PM,0,1
,Hole surf.,0.07,0.15,0.07,0.15,0.07,0.15,0.07,0.15,79.73,0.21,34.89,59.611,1.072,500,1.43,0.00,0.00,0.00,0.00,0.00,0.00,0.00,0.00,0.00,-0.06,-0.06,-0.16,-0.16,-0.06,-0.06,-0.16,-0.16,3,15,8,20,0.00,0.00,0.00,0.00,3,0.000,2,2.2,0,00.000000,00.000000,,1_DD_vert ,1,0,11.83,0.0,12.19,21.1,11/19/2021 3:36:01 PM,0,0
,Hole surf.,0.07,0.15,0.07,0.15,0.07,0.15,0.07,0.15,93.49,0.25,299.20,56.213,1.350,500,2.24,0.00,0.00,0.00,0.00,0.00,0.00,0.00,0.00,0.00,-0.06,-0.06,-0.18,-0.18,-0.06,-0.06,-0.18,-0.18,3,15,9,21,0.00,0.00,0.00,0.00,3,0.000,3,2.2,0,00.000000,00.000000,,1_DD_vert ,1,0,11.83,0.0,12.19,20.6,11/19/2021 3:36:04 PM,0,0
,Hole surf.,0.07,0.15,0.15,0.07,0.07,0.15,0.15,0.07,101.40,0.25,-152.20,-50.984,1.350,500,-2.68,0.00,0.00,0.00,0.00,0.00,0.00,0.00,0.00,0.00,-0.06,-0.06,-0.18,-0.20,-0.06,-0.06,-0.18,-0.20,3,15,21,10,0.00,0.00,0.00,0.00,3,0.000,3,2.2,0,00.000000,00.000000,,1_DD_vert ,2,0,11.83,0.0,12.19,20.6,11/19/2021 3:36:05 PM,0,1
,Hole surf.,0.07,0.15,0.07,0.15,0.07,0.15,0.07,0.15,113.13,0.15,1.15,54.535,1.609,500,3.34,0.00,0.00,0.00,0.00,0.00,0.00,0.00,0.00,0.00,-0.06,-0.06,-0.20,-0.20,-0.06,-0.06,-0.20,-0.20,3,15,10,22,0.00,0.00,0.00,0.00,3,0.000,3,2.1,0,00.000000,00.000000,,1_DD_vert ,1,0,11.83,0.0,12.19,20.6,11/19/2021 3:36:08 PM,0,0
,Hole surf.,0.07,0.15,0.15,0.07,0.07,0.15,0.15,0.07,122.89,0.14,49.72,-50.389,1.609,500,-3.92,0.00,0.00,0.00,0.00,0.00,0.00,0.00,0.00,0.00,-0.06,-0.06,-0.20,-0.22,-0.06,-0.06,-0.20,-0.22,3,15,22,11,0.00,0.00,0.00,0.00,3,0.000,3,2.1,0,00.000000,00.000000,,1_DD_vert ,2,0,11.83,0.0,12.19,20.6,11/19/2021 3:36:08 PM,0,1
,Hole surf.,0.07,0.15,0.07,0.15,0.07,0.15,0.07,0.15,139.12,0.22,-76.06,50.435,1.726,500,4.76,0.00,0.00,0.00,0.00,0.00,0.00,0.00,0.00,0.00,-0.06,-0.06,-0.22,-0.22,-0.06,-0.06,-0.22,-0.22,3,15,11,23,0.00,0.00,0.00,0.00,3,0.000,4,2.1,0,00.000000,00.000000,,1_DD_vert ,1,0,11.83,0.0,12.19,20.6,11/19/2021 3:36:11 PM,0,1
,Hole surf.,0.07,0.15,0.07,0.15,0.07,0.15,0.07,0.15,42.66,1.00,127.28,363.180,0.706,500,0.08,0.00,0.00,0.00,0.00,0.00,0.00,0.00,0.00,0.00,-0.08,-0.08,-0.10,-0.10,-0.08,-0.08,-0.10,-0.10,4,16,5,17,0.00,0.00,0.00,0.00,5,0.000,2,2.5,0,00.000000,00.000000,,1_DD_vert ,1,0,11.83,0.0,12.19,20.6,11/19/2021 3:36:15 PM,0,0
,Hole surf.,0.07,0.15,0.15,0.07,0.07,0.15,0.15,0.07,43.14,0.96,-91.01,-250.642,0.706,500,-0.12,0.00,0.00,0.00,0.00,0.00,0.00,0.00,0.00,0.00,-0.08,-0.08,-0.10,-0.12,-0.08,-0.08,-0.10,-0.12,4,16,17,6,0.00,0.00,0.00,0.00,5,0.000,2,2.5,0,00.000000,00.000000,,1_DD_vert ,2,0,11.83,0.0,12.19,20.6,11/19/2021 3:36:15 PM,0,1
,Hole surf.,0.07,0.15,0.07,0.15,0.07,0.15,0.07,0.15,51.17,0.32,82.53,161.577,0.718,500,0.23,0.00,0.00,0.00,0.00,0.00,0.00,0.00,0.00,0.00,-0.08,-0.08,-0.12,-0.12,-0.08,-0.08,-0.12,-0.12,4,16,6,18,0.00,0.00,0.00,0.00,3,0.000,2,2.5,0,00.000000,00.000000,,1_DD_vert ,1,0,11.83,0.0,12.19,21.1,11/19/2021 3:36:18 PM,0,0
,Hole surf.,0.07,0.15,0.15,0.07,0.07,0.15,0.15,0.07,54.76,0.36,98.58,-128.159,0.718,500,-0.31,0.00,0.00,0.00,0.00,0.00,0.00,0.00,0.00,0.00,-0.08,-0.08,-0.12,-0.14,-0.08,-0.08,-0.12,-0.14,4,16,18,7,0.00,0.00,0.00,0.00,3,0.000,2,2.5,0,00.000000,00.000000,,1_DD_vert ,2,0,11.83,0.0,12.19,21.1,11/19/2021 3:36:18 PM,0,1
,Hole surf.,0.07,0.15,0.07,0.15,0.07,0.15,0.07,0.15,59.46,0.50,67.59,91.669,0.727,500,0.47,0.00,0.00,0.00,0.00,0.00,0.00,0.00,0.00,0.00,-0.08,-0.08,-0.14,-0.14,-0.08,-0.08,-0.14,-0.14,4,16,7,19,0.00,0.00,0.00,0.00,3,0.000,2,2.5,0,00.000000,00.000000,,1_DD_vert ,1,0,11.83,0.0,12.19,20.6,11/19/2021 3:36:21 PM,0,0
,Hole surf.,0.07,0.15,0.15,0.07,0.07,0.15,0.15,0.07,61.88,0.49,-44.07,-73.903,0.727,500,-0.61,0.00,0.00,0.00,0.00,0.00,0.00,0.00,0.00,0.00,-0.08,-0.08,-0.14,-0.16,-0.08,-0.08,-0.14,-0.16,4,16,19,8,0.00,0.00,0.00,0.00,3,0.000,2,2.5,0,00.000000,00.000000,,1_DD_vert ,2,0,11.83,0.0,12.19,20.6,11/19/2021 3:36:21 PM,0,1
,Hole surf.,0.07,0.15,0.07,0.15,0.07,0.15,0.07,0.15,67.05,0.19,38.13,63.304,0.810,500,0.86,0.00,0.00,0.00,0.00,0.00,0.00,0.00,0.00,0.00,-0.08,-0.08,-0.16,-0.16,-0.08,-0.08,-0.16,-0.16,4,16,8,20,0.00,0.00,0.00,0.00,3,0.000,2,2.1,0,00.000000,00.000000,,1_DD_vert ,1,0,11.83,0.0,12.19,20.6,11/19/2021 3:36:24 PM,0,0
,Hole surf.,0.07,0.15,0.15,0.07,0.07,0.15,0.15,0.07,70.56,0.13,-95.67,-53.245,0.810,500,-1.07,0.00,0.00,0.00,0.00,0.00,0.00,0.00,0.00,0.00,-0.08,-0.08,-0.16,-0.18,-0.08,-0.08,-0.16,-0.18,4,16,20,9,0.00,0.00,0.00,0.00,3,0.000,2,2.1,0,00.000000,00.000000,,1_DD_vert ,2,0,11.83,0.0,12.19,20.6,11/19/2021 3:36:24 PM,0,1
,Hole surf.,0.07,0.15,0.07,0.15,0.07,0.15,0.07,0.15,77.73,0.32,304.76,58.139,1.072,500,1.43,0.00,0.00,0.00,0.00,0.00,0.00,0.00,0.00,0.00,-0.08,-0.08,-0.18,-0.18,-0.08,-0.08,-0.18,-0.18,4,16,9,21,0.00,0.00,0.00,0.00,3,0.000,2,2.2,0,00.000000,00.000000,,1_DD_vert ,1,0,11.83,0.0,12.19,20.6,11/19/2021 3:36:27 PM,0,0
,Hole surf.,0.07,0.15,0.07,0.15,0.07,0.15,0.07,0.15,93.72,0.17,2.09,55.552,1.330,500,2.24,0.00,0.00,0.00,0.00,0.00,0.00,0.00,0.00,0.00,-0.08,-0.08,-0.20,-0.20,-0.08,-0.08,-0.20,-0.20,4,16,10,22,0.00,0.00,0.00,0.00,3,0.000,3,2.0,0,00.000000,00.000000,,1_DD_vert ,1,0,11.83,0.0,12.19,20.6,11/19/2021 3:36:30 PM,0,0
,Hole surf.,0.07,0.15,0.15,0.07,0.07,0.15,0.15,0.07,102.00,0.16,49.16,-50.558,1.330,500,-2.68,0.00,0.00,0.00,0.00,0.00,0.00,0.00,0.00,0.00,-0.08,-0.08,-0.20,-0.22,-0.08,-0.08,-0.20,-0.22,4,16,22,11,0.00,0.00,0.00,0.00,3,0.000,3,2.0,0,00.000000,00.000000,,1_DD_vert ,2,0,11.83,0.0,12.19,20.6,11/19/2021 3:36:30 PM,0,1
,Hole surf.,0.07,0.15,0.07,0.15,0.07,0.15,0.07,0.15,115.80,0.22,-74.69,53.403,1.540,500,3.34,0.00,0.00,0.00,0.00,0.00,0.00,0.00,0.00,0.00,-0.08,-0.08,-0.22,-0.22,-0.08,-0.08,-0.22,-0.22,4,16,11,23,0.00,0.00,0.00,0.00,3,0.000,3,1.9,0,00.000000,00.000000,,1_DD_vert ,1,0,11.83,0.0,12.19,20.6,11/19/2021 3:36:34 PM,0,0
,Hole surf.,0.07,0.15,0.15,0.07,0.07,0.15,0.15,0.07,128.51,0.21,-46.14,-50.411,1.540,500,-3.92,0.00,0.00,0.00,0.00,0.00,0.00,0.00,0.00,0.00,-0.08,-0.08,-0.22,-0.24,-0.08,-0.08,-0.22,-0.24,4,16,23,12,0.00,0.00,0.00,0.00,3,0.000,3,1.9,0,00.000000,00.000000,,1_DD_vert ,2,0,11.83,0.0,12.19,20.6,11/19/2021 3:36:34 PM,0,1
,Hole surf.,0.07,0.15,0.07,0.15,0.07,0.15,0.07,0.15,147.14,0.17,-18.36,50.324,1.628,500,4.76,0.00,0.00,0.00,0.00,0.00,0.00,0.00,0.00,0.00,-0.08,-0.08,-0.24,-0.24,-0.08,-0.08,-0.24,-0.24,4,16,12,24,0.00,0.00,0.00,0.00,3,0.000,3,2.0,0,00.000000,00.000000,,1_DD_vert ,1,0,11.83,0.0,12.19,20.6,11/19/2021 3:36:37 PM,0,1
,Hole surf.,0.07,0.15,0.07,0.15,0.07,0.15,0.07,0.15,44.89,0.60,144.21,355.626,0.657,500,0.08,0.00,0.00,0.00,0.00,0.00,0.00,0.00,0.00,0.00,-0.10,-0.10,-0.12,-0.12,-0.10,-0.10,-0.12,-0.12,5,17,6,18,0.00,0.00,0.00,0.00,3,0.000,2,2.8,0,00.000000,00.000000,,1_DD_vert ,1,0,11.83,0.0,12.19,21.1,11/19/2021 3:36:40 PM,0,0
,Hole surf.,0.07,0.15,0.15,0.07,0.07,0.15,0.15,0.07,49.23,0.53,48.23,-266.204,0.657,500,-0.12,0.00,0.00,0.00,0.00,0.00,0.00,0.00,0.00,0.00,-0.10,-0.10,-0.12,-0.14,-0.10,-0.10,-0.12,-0.14,5,17,18,7,0.00,0.00,0.00,0.00,3,0.000,2,2.8,0,00.000000,00.000000,,1_DD_vert ,2,0,11.83,0.0,12.19,21.1,11/19/2021 3:36:40 PM,0,1
,Hole surf.,0.07,0.15,0.07,0.15,0.07,0.15,0.07,0.15,54.19,0.47,81.31,159.683,0.670,500,0.23,0.00,0.00,0.00,0.00,0.00,0.00,0.00,0.00,0.00,-0.10,-0.10,-0.14,-0.14,-0.10,-0.10,-0.14,-0.14,5,17,7,19,0.00,0.00,0.00,0.00,3,0.000,2,2.7,0,00.000000,00.000000,,1_DD_vert ,1,0,11.83,0.0,12.19,20.6,11/19/2021 3:36:43 PM,0,0
,Hole surf.,0.07,0.15,0.15,0.07,0.07,0.15,0.15,0.07,56.40,0.47,-54.56,-123.185,0.670,500,-0.31,0.00,0.00,0.00,0.00,0.00,0.00,0.00,0.00,0.00,-0.10,-0.10,-0.14,-0.16,-0.10,-0.10,-0.14,-0.16,5,17,19,8,0.00,0.00,0.00,0.00,3,0.000,2,2.7,0,00.000000,00.000000,,1_DD_vert ,2,0,11.83,0.0,12.19,20.6,11/19/2021 3:36:43 PM,0,1
,Hole surf.,0.07,0.15,0.07,0.15,0.07,0.15,0.07,0.15,59.96,0.72,43.53,86.276,0.678,500,0.47,0.00,0.00,0.00,0.00,0.00,0.00,0.00,0.00,0.00,-0.10,-0.10,-0.16,-0.16,-0.10,-0.10,-0.16,-0.16,5,17,8,20,0.00,0.00,0.00,0.00,3,0.000,2,2.7,0,00.000000,00.000000,,1_DD_vert ,1,0,11.83,0.0,12.19,20.6,11/19/2021 3:36:46 PM,0,0
,Hole surf.,0.07,0.15,0.15,0.07,0.07,0.15,0.15,0.07,62.85,0.72,-101.38,-70.045,0.678,500,-0.61,0.00,0.00,0.00,0.00,0.00,0.00,0.00,0.00,0.00,-0.10,-0.10,-0.16,-0.18,-0.10,-0.10,-0.16,-0.18,5,17,20,9,0.00,0.00,0.00,0.00,3,0.000,2,2.7,0,00.000000,00.000000,,1_DD_vert ,2,0,11.83,0.0,12.19,20.6,11/19/2021 3:36:46 PM,0,1
,Hole surf.,0.07,0.15,0.07,0.15,0.07,0.15,0.07,0.15,68.09,0.27,310.06,61.893,0.780,500,0.86,0.00,0.00,0.00,0.00,0.00,0.00,0.00,0.00,0.00,-0.10,-0.10,-0.18,-0.18,-0.10,-0.10,-0.18,-0.18,5,17,9,21,0.00,0.00,0.00,0.00,3,0.000,2,2.2,0,00.000000,00.000000,,1_DD_vert ,1,0,11.83,0.0,12.19,21.1,11/19/2021 3:36:49 PM,0,0
,Hole surf.,0.07,0.15,0.15,0.07,0.07,0.15,0.15,0.07,73.26,0.25,-158.40,-53.219,0.780,500,-1.07,0.00,0.00,0.00,0.00,0.00,0.00,0.00,0.00,0.00,-0.10,-0.10,-0.18,-0.20,-0.10,-0.10,-0.18,-0.20,5,17,21,10,0.00,0.00,0.00,0.00,3,0.000,2,2.2,0,00.000000,00.000000,,1_DD_vert ,2,0,11.83,0.0,12.19,21.1,11/19/2021 3:36:49 PM,0,1
,Hole surf.,0.07,0.15,0.07,0.15,0.07,0.15,0.07,0.15,80.84,0.04,3.24,57.602,1.022,500,1.43,0.00,0.00,0.00,0.00,0.00,0.00,0.00,0.00,0.00,-0.10,-0.10,-0.20,-0.20,-0.10,-0.10,-0.20,-0.20,5,17,10,22,0.00,0.00,0.00,0.00,3,0.000,2,2.3,0,00.000000,00.000000,,1_DD_vert ,1,0,11.83,0.0,12.19,21.1,11/19/2021 3:36:52 PM,0,0
,Hole surf.,0.07,0.15,0.07,0.15,0.07,0.15,0.07,0.15,99.41,0.28,-73.56,54.471,1.230,500,2.24,0.00,0.00,0.00,0.00,0.00,0.00,0.00,0.00,0.00,-0.10,-0.10,-0.22,-0.22,-0.10,-0.10,-0.22,-0.22,5,17,11,23,0.00,0.00,0.00,0.00,3,0.000,3,2.2,0,00.000000,00.000000,,1_DD_vert ,1,0,11.83,0.0,12.19,21.1,11/19/2021 3:36:55 PM,0,0
,Hole surf.,0.07,0.15,0.15,0.07,0.07,0.15,0.15,0.07,110.96,0.28,-47.85,-50.841,1.230,500,-2.68,0.00,0.00,0.00,0.00,0.00,0.00,0.00,0.00,0.00,-0.10,-0.10,-0.22,-0.24,-0.10,-0.10,-0.22,-0.24,5,17,23,12,0.00,0.00,0.00,0.00,3,0.000,3,2.2,0,00.000000,00.000000,,1_DD_vert ,2,0,11.83,0.0,12.19,21.1,11/19/2021 3:36:55 PM,0,1
,Hole surf.,0.07,0.15,0.07,0.15,0.07,0.15,0.07,0.15,127.88,0.18,-17.93,50.734,1.324,500,3.34,0.00,0.00,0.00,0.00,0.00,0.00,0.00,0.00,0.00,-0.10,-0.10,-0.24,-0.24,-0.10,-0.10,-0.24,-0.24,5,17,12,24,0.00,0.00,0.00,0.00,3,0.000,3,2.3,0,00.000000,00.000000,,1_DD_vert ,1,0,11.83,0.0,12.19,20.6,11/19/2021 3:36:58 PM,0,1
,Hole surf.,0.07,0.15,0.07,0.15,0.07,0.15,0.07,0.15,47.41,0.24,123.83,364.344,0.637,500,0.08,0.00,0.00,0.00,0.00,0.00,0.00,0.00,0.00,0.00,-0.12,-0.12,-0.14,-0.14,-0.12,-0.12,-0.14,-0.14,6,18,7,19,0.00,0.00,0.00,0.00,3,0.000,2,2.9,0,00.000000,00.000000,,1_DD_vert ,1,0,11.83,0.0,12.19,20.6,11/19/2021 3:37:02 PM,0,0
,Hole surf.,0.07,0.15,0.15,0.07,0.07,0.15,0.15,0.07,48.57,0.21,-85.86,-254.759,0.637,500,-0.12,0.00,0.00,0.00,0.00,0.00,0.00,0.00,0.00,0.00,-0.12,-0.12,-0.14,-0.16,-0.12,-0.12,-0.14,-0.16,6,18,19,8,0.00,0.00,0.00,0.00,3,0.000,2,2.9,0,00.000000,00.000000,,1_DD_vert ,2,0,11.83,0.0,12.19,20.6,11/19/2021 3:37:02 PM,0,1
,Hole surf.,0.07,0.15,0.07,0.15,0.07,0.15,0.07,0.15,54.35,0.20,56.89,155.539,0.651,500,0.23,0.00,0.00,0.00,0.00,0.00,0.00,0.00,0.00,0.00,-0.12,-0.12,-0.16,-0.16,-0.12,-0.12,-0.16,-0.16,6,18,8,20,0.00,0.00,0.00,0.00,3,0.000,2,2.8,0,00.000000,00.000000,,1_DD_vert ,1,0,11.83,0.0,12.19,20.6,11/19/2021 3:37:05 PM,0,0
,Hole surf.,0.07,0.15,0.15,0.07,0.07,0.15,0.15,0.07,55.75,0.20,-111.85,-118.253,0.651,500,-0.31,0.00,0.00,0.00,0.00,0.00,0.00,0.00,0.00,0.00,-0.12,-0.12,-0.16,-0.18,-0.12,-0.12,-0.16,-0.18,6,18,20,9,0.00,0.00,0.00,0.00,3,0.000,2,2.8,0,00.000000,00.000000,,1_DD_vert ,2,0,11.83,0.0,12.19,20.6,11/19/2021 3:37:05 PM,0,1
,Hole surf.,0.07,0.15,0.07,0.15,0.07,0.15,0.07,0.15,61.03,0.16,317.40,84.947,0.656,500,0.47,0.00,0.00,0.00,0.00,0.00,0.00,0.00,0.00,0.00,-0.12,-0.12,-0.18,-0.18,-0.12,-0.12,-0.18,-0.18,6,18,9,21,0.00,0.00,0.00,0.00,3,0.000,2,2.8,0,00.000000,00.000000,,1_DD_vert ,1,0,11.83,0.0,12.19,21.1,11/19/2021 3:37:08 PM,0,0
,Hole surf.,0.07,0.15,0.15,0.07,0.07,0.15,0.15,0.07,64.09,0.17,-163.01,-69.098,0.656,500,-0.61,0.00,0.00,0.00,0.00,0.00,0.00,0.00,0.00,0.00,-0.12,-0.12,-0.18,-0.20,-0.12,-0.12,-0.18,-0.20,6,18,21,10,0.00,0.00,0.00,0.00,3,0.000,2,2.8,0,00.000000,00.000000,,1_DD_vert ,2,0,11.83,0.0,12.19,21.1,11/19/2021 3:37:08 PM,0,1
,Hole surf.,0.07,0.15,0.07,0.15,0.07,0.15,0.07,0.15,71.07,0.18,5.70,62.458,0.754,500,0.86,0.00,0.00,0.00,0.00,0.00,0.00,0.00,0.00,0.00,-0.12,-0.12,-0.20,-0.20,-0.12,-0.12,-0.20,-0.20,6,18,10,22,0.00,0.00,0.00,0.00,3,0.000,2,2.3,0,00.000000,00.000000,,1_DD_vert ,1,0,11.83,0.0,12.19,20.6,11/19/2021 3:37:11 PM,0,0
,Hole surf.,0.07,0.15,0.15,0.07,0.07,0.15,0.15,0.07,76.22,0.18,46.71,-53.540,0.754,500,-1.07,0.00,0.00,0.00,0.00,0.00,0.00,0.00,0.00,0.00,-0.12,-0.12,-0.20,-0.22,-0.12,-0.12,-0.20,-0.22,6,18,22,11,0.00,0.00,0.00,0.00,3,0.000,2,2.3,0,00.000000,00.000000,,1_DD_vert ,2,0,11.83,0.0,12.19,20.6,11/19/2021 3:37:11 PM,0,1
,Hole surf.,0.07,0.15,0.07,0.15,0.07,0.15,0.07,0.15,86.15,0.26,-71.64,57.192,0.952,500,1.43,0.00,0.00,0.00,0.00,0.00,0.00,0.00,0.00,0.00,-0.12,-0.12,-0.22,-0.22,-0.12,-0.12,-0.22,-0.22,6,18,11,23,0.00,0.00,0.00,0.00,3,0.000,2,2.6,0,00.000000,00.000000,,1_DD_vert ,1,0,11.83,0.0,12.19,20.6,11/19/2021 3:37:14 PM,0,0
,Hole surf.,0.07,0.15,0.07,0.15,0.07,0.15,0.07,0.15,111.32,0.14,-16.77,51.770,1.044,500,2.24,0.00,0.00,0.00,0.00,0.00,0.00,0.00,0.00,0.00,-0.12,-0.12,-0.24,-0.24,-0.12,-0.12,-0.24,-0.24,6,18,12,24,0.00,0.00,0.00,0.00,3,0.000,2,2.3,0,00.000000,00.000000,,1_DD_vert ,1,0,11.83,0.0,12.19,20.6,11/19/2021 3:37:17 PM,0,1
,Hole surf.,0.07,0.15,0.07,0.15,0.07,0.15,0.07,0.15,46.93,0.32,80.69,351.396,0.621,500,0.08,0.00,0.00,0.00,0.00,0.00,0.00,0.00,0.00,0.00,-0.14,-0.14,-0.16,-0.16,-0.14,-0.14,-0.16,-0.16,7,19,8,20,0.00,0.00,0.00,0.00,3,0.000,2,3.0,0,00.000000,00.000000,,1_DD_vert ,1,0,11.83,0.0,12.19,20.6,11/19/2021 3:37:20 PM,0,0
,Hole surf.,0.07,0.15,0.15,0.07,0.07,0.15,0.15,0.07,49.37,0.32,-129.31,-252.276,0.621,500,-0.12,0.00,0.00,0.00,0.00,0.00,0.00,0.00,0.00,0.00,-0.14,-0.14,-0.16,-0.18,-0.14,-0.14,-0.16,-0.18,7,19,20,9,0.00,0.00,0.00,0.00,3,0.000,2,3.0,0,00.000000,00.000000,,1_DD_vert ,2,0,11.83,0.0,12.19,20.6,11/19/2021 3:37:20 PM,0,1
,Hole surf.,0.07,0.15,0.07,0.15,0.07,0.15,0.07,0.15,55.23,0.07,326.25,151.601,0.624,500,0.23,0.00,0.00,0.00,0.00,0.00,0.00,0.00,0.00,0.00,-0.14,-0.14,-0.18,-0.18,-0.14,-0.14,-0.18,-0.18,7,19,9,21,0.00,0.00,0.00,0.00,3,0.000,2,3.0,0,00.000000,00.000000,,1_DD_vert ,1,0,11.83,0.0,12.19,21.1,11/19/2021 3:37:23 PM,0,0
,Hole surf.,0.07,0.15,0.15,0.07,0.07,0.15,0.15,0.07,57.63,0.05,-168.60,-117.257,0.624,500,-0.31,0.00,0.00,0.00,0.00,0.00,0.00,0.00,0.00,0.00,-0.14,-0.14,-0.18,-0.20,-0.14,-0.14,-0.18,-0.20,7,19,21,10,0.00,0.00,0.00,0.00,3,0.000,2,3.0,0,00.000000,00.000000,,1_DD_vert ,2,0,11.83,0.0,12.19,21.1,11/19/2021 3:37:23 PM,0,1
,Hole surf.,0.07,0.15,0.07,0.15,0.07,0.15,0.07,0.15,63.19,0.64,8.38,83.984,0.626,500,0.47,0.00,0.00,0.00,0.00,0.00,0.00,0.00,0.00,0.00,-0.14,-0.14,-0.20,-0.20,-0.14,-0.14,-0.20,-0.20,7,19,10,22,0.00,0.00,0.00,0.00,3,0.000,2,3.0,0,00.000000,00.000000,,1_DD_vert ,1,0,11.83,0.0,12.19,21.1,11/19/2021 3:37:26 PM,0,0
,Hole surf.,0.07,0.15,0.15,0.07,0.07,0.15,0.15,0.07,67.29,0.64,44.95,-69.282,0.626,500,-0.61,0.00,0.00,0.00,0.00,0.00,0.00,0.00,0.00,0.00,-0.14,-0.14,-0.20,-0.22,-0.14,-0.14,-0.20,-0.22,7,19,22,11,0.00,0.00,0.00,0.00,3,0.000,2,3.0,0,00.000000,00.000000,,1_DD_vert ,2,0,11.83,0.0,12.19,21.1,11/19/2021 3:37:26 PM,0,1
,Hole surf.,0.07,0.15,0.07,0.15,0.07,0.15,0.07,0.15,75.87,0.19,-70.01,62.020,0.701,500,0.86,0.00,0.00,0.00,0.00,0.00,0.00,0.00,0.00,0.00,-0.14,-0.14,-0.22,-0.22,-0.14,-0.14,-0.22,-0.22,7,19,11,23,0.00,0.00,0.00,0.00,3,0.000,2,2.6,0,00.000000,00.000000,,1_DD_vert ,1,0,11.83,0.0,12.19,20.6,11/19/2021 3:37:30 PM,0,0
,Hole surf.,0.07,0.15,0.15,0.07,0.07,0.15,0.15,0.07,84.39,0.22,-51.70,-55.137,0.701,500,-1.07,0.00,0.00,0.00,0.00,0.00,0.00,0.00,0.00,0.00,-0.14,-0.14,-0.22,-0.24,-0.14,-0.14,-0.22,-0.24,7,19,23,12,0.00,0.00,0.00,0.00,3,0.000,2,2.6,0,00.000000,00.000000,,1_DD_vert ,2,0,11.83,0.0,12.19,20.6,11/19/2021 3:37:30 PM,0,1
,Hole surf.,0.07,0.15,0.07,0.15,0.07,0.15,0.07,0.15,98.34,0.12,-15.76,53.969,0.787,500,1.43,0.00,0.00,0.00,0.00,0.00,0.00,0.00,0.00,0.00,-0.14,-0.14,-0.24,-0.24,-0.14,-0.14,-0.24,-0.24,7,19,12,24,0.00,0.00,0.00,0.00,3,0.000,2,2.7,0,00.000000,00.000000,,1_DD_vert ,1,0,11.83,0.0,12.19,20.6,11/19/2021 3:37:33 PM,0,1
,Hole surf.,0.07,0.15,0.07,0.15,0.07,0.15,0.07,0.15,51.61,0.50,352.92,352.238,0.566,500,0.08,0.00,0.00,0.00,0.00,0.00,0.00,0.00,0.00,0.00,-0.16,-0.16,-0.18,-0.18,-0.16,-0.16,-0.18,-0.18,8,20,9,21,0.00,0.00,0.00,0.00,3,0.000,2,3.4,0,00.000000,00.000000,,1_DD_vert ,1,0,11.83,0.0,12.19,21.1,11/19/2021 3:37:36 PM,0,0
,Hole surf.,0.07,0.15,0.15,0.07,0.07,0.15,0.15,0.07,53.57,0.37,-188.50,-249.518,0.566,500,-0.12,0.00,0.00,0.00,0.00,0.00,0.00,0.00,0.00,0.00,-0.16,-0.16,-0.18,-0.20,-0.16,-0.16,-0.18,-0.20,8,20,21,10,0.00,0.00,0.00,0.00,3,0.000,2,3.4,0,00.000000,00.000000,,1_DD_vert ,2,0,11.83,0.0,12.19,21.1,11/19/2021 3:37:36 PM,0,1
,Hole surf.,0.07,0.15,0.07,0.15,0.07,0.15,0.07,0.15,60.89,0.24,19.44,152.656,0.570,500,0.23,0.00,0.00,0.00,0.00,0.00,0.00,0.00,0.00,0.00,-0.16,-0.16,-0.20,-0.20,-0.16,-0.16,-0.20,-0.20,8,20,10,22,0.00,0.00,0.00,0.00,3,0.000,2,3.3,0,00.000000,00.000000,,1_DD_vert ,1,0,11.83,0.0,12.19,21.1,11/19/2021 3:37:39 PM,0,0
,Hole surf.,0.07,0.15,0.15,0.07,0.07,0.15,0.15,0.07,63.57,0.22,37.19,-118.125,0.570,500,-0.31,0.00,0.00,0.00,0.00,0.00,0.00,0.00,0.00,0.00,-0.16,-0.16,-0.20,-0.22,-0.16,-0.16,-0.20,-0.22,8,20,22,11,0.00,0.00,0.00,0.00,3,0.000,2,3.3,0,00.000000,00.000000,,1_DD_vert ,2,0,11.83,0.0,12.19,21.1,11/19/2021 3:37:39 PM,0,1
,Hole surf.,0.07,0.15,0.07,0.15,0.07,0.15,0.07,0.15,71.91,0.36,-64.85,87.150,0.571,500,0.47,0.00,0.00,0.00,0.00,0.00,0.00,0.00,0.00,0.00,-0.16,-0.16,-0.22,-0.22,-0.16,-0.16,-0.22,-0.22,8,20,11,23,0.00,0.00,0.00,0.00,3,0.000,2,3.3,0,00.000000,00.000000,,1_DD_vert ,1,0,11.83,0.0,12.19,21.1,11/19/2021 3:37:42 PM,0,0
,Hole surf.,0.07,0.15,0.15,0.07,0.07,0.15,0.15,0.07,79.11,0.40,-56.04,-74.262,0.571,500,-0.61,0.00,0.00,0.00,0.00,0.00,0.00,0.00,0.00,0.00,-0.16,-0.16,-0.22,-0.24,-0.16,-0.16,-0.22,-0.24,8,20,23,12,0.00,0.00,0.00,0.00,3,0.000,2,3.3,0,00.000000,00.000000,,1_DD_vert ,2,0,11.83,0.0,12.19,21.1,11/19/2021 3:37:42 PM,0,1
,Hole surf.,0.07,0.15,0.07,0.15,0.07,0.15,0.07,0.15,93.20,0.29,-12.71,62.090,0.572,500,0.86,0.00,0.00,0.00,0.00,0.00,0.00,0.00,0.00,0.00,-0.16,-0.16,-0.24,-0.24,-0.16,-0.16,-0.24,-0.24,8,20,12,24,0.00,0.00,0.00,0.00,3,0.000,2,3.4,0,00.000000,00.000000,,1_DD_vert ,1,0,11.83,0.0,12.19,21.1,11/19/2021 3:37:45 PM,0,1
,Hole surf.,0.07,0.15,0.07,0.15,0.07,0.15,0.07,0.15,53.59,0.72,23.40,364.512,0.564,500,0.08,0.00,0.00,0.00,0.00,0.00,0.00,0.00,0.00,0.00,-0.18,-0.18,-0.20,-0.20,-0.18,-0.18,-0.20,-0.20,9,21,10,22,0.00,0.00,0.00,0.00,3,0.000,2,3.4,0,00.000000,00.000000,,1_DD_vert ,1,0,11.83,0.0,12.19,20.6,11/19/2021 3:37:48 PM,0,0
,Hole surf.,0.07,0.15,0.15,0.07,0.07,0.15,0.15,0.07,55.39,0.63,35.02,-257.135,0.564,500,-0.12,0.00,0.00,0.00,0.00,0.00,0.00,0.00,0.00,0.00,-0.18,-0.18,-0.20,-0.22,-0.18,-0.18,-0.20,-0.22,9,21,22,11,0.00,0.00,0.00,0.00,3,0.000,2,3.4,0,00.000000,00.000000,,1_DD_vert ,2,0,11.83,0.0,12.19,20.6,11/19/2021 3:37:48 PM,0,1
,Hole surf.,0.07,0.15,0.07,0.15,0.07,0.15,0.07,0.15,65.27,0.33,-62.43,163.338,0.569,500,0.23,0.00,0.00,0.00,0.00,0.00,0.00,0.00,0.00,0.00,-0.18,-0.18,-0.22,-0.22,-0.18,-0.18,-0.22,-0.22,9,21,11,23,0.00,0.00,0.00,0.00,3,0.000,2,3.4,0,00.000000,00.000000,,1_DD_vert ,1,0,11.83,0.0,12.19,21.1,11/19/2021 3:37:51 PM,0,0
,Hole surf.,0.07,0.15,0.15,0.07,0.07,0.15,0.15,0.07,70.91,0.40,-57.36,-131.530,0.569,500,-0.31,0.00,0.00,0.00,0.00,0.00,0.00,0.00,0.00,0.00,-0.18,-0.18,-0.22,-0.24,-0.18,-0.18,-0.22,-0.24,9,21,23,12,0.00,0.00,0.00,0.00,3,0.000,2,3.4,0,00.000000,00.000000,,1_DD_vert ,2,0,11.83,0.0,12.19,21.1,11/19/2021 3:37:51 PM,0,1
,Hole surf.,0.07,0.15,0.07,0.15,0.07,0.15,0.07,0.15,84.97,0.03,-11.52,102.691,0.570,500,0.47,0.00,0.00,0.00,0.00,0.00,0.00,0.00,0.00,0.00,-0.18,-0.18,-0.24,-0.24,-0.18,-0.18,-0.24,-0.24,9,21,12,24,0.00,0.00,0.00,0.00,3,0.000,2,3.4,0,00.000000,00.000000,,1_DD_vert ,1,0,11.83,0.0,12.19,20.6,11/19/2021 3:37:54 PM,0,1
,Hole surf.,0.07,0.15,0.07,0.15,0.07,0.15,0.07,0.15,53.34,0.07,-16.61,360.454,0.561,500,0.08,0.00,0.00,0.00,0.00,0.00,0.00,0.00,0.00,0.00,-0.20,-0.20,-0.22,-0.22,-0.20,-0.20,-0.22,-0.22,10,22,11,23,0.00,0.00,0.00,0.00,3,0.000,2,3.5,0,00.000000,00.000000,,1_DD_vert ,1,0,11.83,0.0,12.19,20.6,11/19/2021 3:37:58 PM,0,0
,Hole surf.,0.07,0.15,0.15,0.07,0.07,0.15,0.15,0.07,58.65,0.10,-91.17,-270.498,0.561,500,-0.12,0.00,0.00,0.00,0.00,0.00,0.00,0.00,0.00,0.00,-0.20,-0.20,-0.22,-0.24,-0.20,-0.20,-0.22,-0.24,10,22,23,12,0.00,0.00,0.00,0.00,3,0.000,2,3.5,0,00.000000,00.000000,,1_DD_vert ,2,0,11.83,0.0,12.19,20.6,11/19/2021 3:37:58 PM,0,1
,Hole surf.,0.07,0.15,0.07,0.15,0.07,0.15,0.07,0.15,74.53,0.25,8.38,184.409,0.562,500,0.23,0.00,0.00,0.00,0.00,0.00,0.00,0.00,0.00,0.00,-0.20,-0.20,-0.24,-0.24,-0.20,-0.20,-0.24,-0.24,10,22,12,24,0.00,0.00,0.00,0.00,3,0.000,2,3.5,0,00.000000,00.000000,,1_DD_vert ,1,0,11.83,0.0,12.19,21.1,11/19/2021 3:38:01 PM,0,1
,Hole surf.,0.07,0.15,0.07,0.15,0.07,0.15,0.07,0.15,62.63,0.22,51.59,400.782,0.531,500,0.08,0.00,0.00,0.00,0.00,0.00,0.00,0.00,0.00,0.00,-0.22,-0.22,-0.24,-0.24,-0.22,-0.22,-0.24,-0.24,11,23,12,24,0.00,0.00,0.00,0.00,3,0.000,2,3.7,0,00.000000,00.000000,,1_DD_vert ,1,0,11.83,0.0,12.19,21.1,11/19/2021 3:38:04 PM,0,1
,Hole surf.,0.07,0.15,0.07,0.15,0.07,0.15,0.07,0.15,49.70,0.24,157.10,386.900,0.646,500,0.08,0.00,0.00,0.00,0.00,0.00,0.00,0.00,0.00,0.00,-0.04,-0.04,-0.02,-0.02,-0.04,-0.04,-0.02,-0.02,2,14,1,13,0.00,0.00,0.00,0.00,3,0.000,2,2.8,0,00.000000,00.000000,,1_DD_vert ,1,0,11.83,0.0,12.19,21.1,11/19/2021 3:38:07 PM,0,1
,Hole surf.,0.15,0.07,0.07,0.15,0.15,0.07,0.07,0.15,50.76,0.04,38.68,-286.007,0.685,500,-0.12,0.00,0.00,0.00,0.00,0.00,0.00,0.00,0.00,0.00,-0.04,-0.06,-0.02,-0.02,-0.04,-0.06,-0.02,-0.02,14,3,1,13,0.00,0.00,0.00,0.00,3,0.000,2,2.6,0,00.000000,00.000000,,1_DD_vert ,1,0,11.83,0.0,12.19,21.1,11/19/2021 3:38:10 PM,0,1
,Hole surf.,0.07,0.15,0.07,0.15,0.07,0.15,0.07,0.15,58.34,0.21,127.06,182.595,0.712,500,0.23,0.00,0.00,0.00,0.00,0.00,0.00,0.00,0.00,0.00,-0.06,-0.06,-0.02,-0.02,-0.06,-0.06,-0.02,-0.02,3,15,1,13,0.00,0.00,0.00,0.00,3,0.000,2,2.5,0,00.000000,00.000000,,1_DD_vert ,1,0,11.83,0.0,12.19,21.1,11/19/2021 3:38:13 PM,0,1
,Hole surf.,0.15,0.07,0.07,0.15,0.15,0.07,0.07,0.15,60.84,0.66,67.12,-143.353,0.723,500,-0.31,0.00,0.00,0.00,0.00,0.00,0.00,0.00,0.00,0.00,-0.06,-0.08,-0.02,-0.02,-0.06,-0.08,-0.02,-0.02,15,4,1,13,0.00,0.00,0.00,0.00,3,0.000,2,2.5,0,00.000000,00.000000,,1_DD_vert ,1,0,11.83,0.0,12.19,21.1,11/19/2021 3:38:16 PM,0,1
,Hole surf.,0.07,0.15,0.07,0.15,0.07,0.15,0.07,0.15,69.10,0.25,112.24,107.691,0.734,500,0.47,0.00,0.00,0.00,0.00,0.00,0.00,0.00,0.00,0.00,-0.08,-0.08,-0.02,-0.02,-0.08,-0.08,-0.02,-0.02,4,16,1,13,0.00,0.00,0.00,0.00,3,0.000,2,2.4,0,00.000000,00.000000,,1_DD_vert ,1,0,11.83,0.0,12.19,21.1,11/19/2021 3:38:19 PM,0,1
,Hole surf.,0.15,0.07,0.07,0.15,0.15,0.07,0.07,0.15,73.01,0.55,76.45,-87.452,0.729,500,-0.61,0.00,0.00,0.00,0.00,0.00,0.00,0.00,0.00,0.00,-0.08,-0.10,-0.02,-0.02,-0.08,-0.10,-0.02,-0.02,16,5,1,13,0.00,0.00,0.00,0.00,3,0.000,2,2.4,0,00.000000,00.000000,,1_DD_vert ,1,0,11.83,0.0,12.19,21.1,11/19/2021 3:38:22 PM,0,1
,Hole surf.,0.07,0.15,0.07,0.15,0.07,0.15,0.07,0.15,81.49,0.24,102.33,65.233,0.687,500,0.86,0.00,0.00,0.00,0.00,0.00,0.00,0.00,0.00,0.00,-0.10,-0.10,-0.02,-0.02,-0.10,-0.10,-0.02,-0.02,5,17,1,13,0.00,0.00,0.00,0.00,3,0.000,2,2.6,0,00.000000,00.000000,,1_DD_vert ,1,0,11.83,0.0,12.19,21.1,11/19/2021 3:38:25 PM,0,1
,Hole surf.,0.15,0.07,0.07,0.15,0.15,0.07,0.07,0.15,84.56,0.38,82.26,-56.048,0.712,500,-1.07,0.00,0.00,0.00,0.00,0.00,0.00,0.00,0.00,0.00,-0.10,-0.12,-0.02,-0.02,-0.10,-0.12,-0.02,-0.02,17,6,1,13,0.00,0.00,0.00,0.00,3,0.000,2,2.5,0,00.000000,00.000000,,1_DD_vert ,1,0,11.83,0.0,12.19,21.1,11/19/2021 3:38:28 PM,0,1
,Hole surf.,0.07,0.15,0.07,0.15,0.07,0.15,0.07,0.15,94.46,0.26,97.29,53.464,0.811,500,1.43,0.00,0.00,0.00,0.00,0.00,0.00,0.00,0.00,0.00,-0.12,-0.12,-0.02,-0.02,-0.12,-0.12,-0.02,-0.02,6,18,1,13,0.00,0.00,0.00,0.00,3,0.000,2,2.6,0,00.000000,00.000000,,1_DD_vert ,1,0,11.83,0.0,12.19,21.1,11/19/2021 3:38:31 PM,0,1
,Hole surf.,0.07,0.15,0.07,0.15,0.07,0.15,0.07,0.15,108.92,0.13,94.10,51.703,1.065,500,2.24,0.00,0.00,0.00,0.00,0.00,0.00,0.00,0.00,0.00,-0.14,-0.14,-0.02,-0.02,-0.14,-0.14,-0.02,-0.02,7,19,1,13,0.00,0.00,0.00,0.00,3,0.000,3,2.6,0,00.000000,00.000000,,1_DD_vert ,1,0,11.83,0.0,12.19,21.1,11/19/2021 3:38:35 PM,0,1
,Hole surf.,0.15,0.07,0.07,0.15,0.15,0.07,0.07,0.15,113.91,0.39,85.56,-51.093,1.204,500,-2.68,0.00,0.00,0.00,0.00,0.00,0.00,0.00,0.00,0.00,-0.14,-0.16,-0.02,-0.02,-0.14,-0.16,-0.02,-0.02,19,8,1,13,0.00,0.00,0.00,0.00,3,0.000,3,2.6,0,00.000000,00.000000,,1_DD_vert ,1,0,11.83,0.0,12.19,21.1,11/19/2021 3:38:38 PM,0,1
,Hole surf.,0.07,0.15,0.07,0.15,0.07,0.15,0.07,0.15,124.71,0.26,91.68,50.788,1.359,500,3.34,0.00,0.00,0.00,0.00,0.00,0.00,0.00,0.00,0.00,-0.16,-0.16,-0.02,-0.02,-0.16,-0.16,-0.02,-0.02,8,20,1,13,0.00,0.00,0.00,0.00,3,0.000,4,2.8,0,00.000000,00.000000,,1_DD_vert ,1,0,11.83,0.0,12.19,21.1,11/19/2021 3:38:41 PM,0,1
,Hole surf.,0.15,0.07,0.07,0.15,0.15,0.07,0.07,0.15,130.32,0.28,85.70,-50.340,1.516,500,-3.92,0.00,0.00,0.00,0.00,0.00,0.00,0.00,0.00,0.00,-0.16,-0.18,-0.02,-0.02,-0.16,-0.18,-0.02,-0.02,20,9,1,13,0.00,0.00,0.00,0.00,3,0.000,4,2.8,0,00.000000,00.000000,,1_DD_vert ,1,0,11.83,0.0,12.19,21.1,11/19/2021 3:38:44 PM,0,1
,Hole surf.,0.07,0.15,0.07,0.15,0.07,0.15,0.07,0.15,144.18,0.06,88.57,49.675,1.640,500,4.76,0.00,0.00,0.00,0.00,0.00,0.00,0.00,0.00,0.00,-0.18,-0.18,-0.02,-0.02,-0.18,-0.18,-0.02,-0.02,9,21,1,13,0.00,0.00,0.00,0.00,3,0.000,5,2.8,0,00.000000,00.000000,,1_DD_vert ,1,0,11.83,0.0,12.19,21.1,11/19/2021 3:38:47 PM,0,1
,Hole surf.,0.07,0.15,0.07,0.15,0.07,0.15,0.07,0.15,42.30,0.35,106.55,365.784,0.717,500,0.08,0.00,0.00,0.00,0.00,0.00,0.00,0.00,0.00,0.00,-0.06,-0.06,-0.04,-0.04,-0.06,-0.06,-0.04,-0.04,3,15,2,14,0.00,0.00,0.00,0.00,3,0.000,2,2.5,0,00.000000,00.000000,,1_DD_vert ,1,0,11.83,0.0,12.19,21.1,11/19/2021 3:38:50 PM,0,1
,Hole surf.,0.15,0.07,0.07,0.15,0.15,0.07,0.07,0.15,44.16,0.21,7.69,-269.045,0.741,500,-0.12,0.00,0.00,0.00,0.00,0.00,0.00,0.00,0.00,0.00,-0.06,-0.08,-0.04,-0.04,-0.06,-0.08,-0.04,-0.04,15,4,2,14,0.00,0.00,0.00,0.00,3,0.000,2,2.4,0,00.000000,00.000000,,1_DD_vert ,1,0,11.83,0.0,12.19,21.1,11/19/2021 3:38:53 PM,0,1
,Hole surf.,0.07,0.15,0.07,0.15,0.07,0.15,0.07,0.15,52.96,0.22,80.68,172.313,0.740,500,0.23,0.00,0.00,0.00,0.00,0.00,0.00,0.00,0.00,0.00,-0.08,-0.08,-0.04,-0.04,-0.08,-0.08,-0.04,-0.04,4,16,2,14,0.00,0.00,0.00,0.00,3,0.000,2,2.4,0,00.000000,00.000000,,1_DD_vert ,1,0,11.83,0.0,12.19,21.1,11/19/2021 3:38:56 PM,0,1
,Hole surf.,0.15,0.07,0.07,0.15,0.15,0.07,0.07,0.15,55.87,0.18,29.27,-135.398,0.743,500,-0.31,0.00,0.00,0.00,0.00,0.00,0.00,0.00,0.00,0.00,-0.08,-0.10,-0.04,-0.04,-0.08,-0.10,-0.04,-0.04,16,5,2,14,0.00,0.00,0.00,0.00,3,0.000,2,2.4,0,00.000000,00.000000,,1_DD_vert ,1,0,11.83,0.0,12.19,21.1,11/19/2021 3:38:59 PM,0,1
,Hole surf.,0.07,0.15,0.07,0.15,0.07,0.15,0.07,0.15,62.53,0.24,66.14,92.130,0.694,500,0.47,0.00,0.00,0.00,0.00,0.00,0.00,0.00,0.00,0.00,-0.10,-0.10,-0.04,-0.04,-0.10,-0.10,-0.04,-0.04,5,17,2,14,0.00,0.00,0.00,0.00,3,0.000,2,2.6,0,00.000000,00.000000,,1_DD_vert ,1,0,11.83,0.0,12.19,21.1,11/19/2021 3:39:02 PM,0,1
,Hole surf.,0.15,0.07,0.07,0.15,0.15,0.07,0.07,0.15,64.82,0.20,40.37,-75.146,0.705,500,-0.61,0.00,0.00,0.00,0.00,0.00,0.00,0.00,0.00,0.00,-0.10,-0.12,-0.04,-0.04,-0.10,-0.12,-0.04,-0.04,17,6,2,14,0.00,0.00,0.00,0.00,3,0.000,2,2.5,0,00.000000,00.000000,,1_DD_vert ,1,0,11.83,0.0,12.19,21.1,11/19/2021 3:39:05 PM,0,1
,Hole surf.,0.07,0.15,0.07,0.15,0.07,0.15,0.07,0.15,73.76,0.48,60.71,57.357,0.667,500,0.86,0.00,0.00,0.00,0.00,0.00,0.00,0.00,0.00,0.00,-0.12,-0.12,-0.04,-0.04,-0.12,-0.12,-0.04,-0.04,6,18,2,14,0.00,0.00,0.00,0.00,3,0.000,2,2.7,0,00.000000,00.000000,,1_DD_vert ,1,0,11.83,0.0,12.19,21.1,11/19/2021 3:39:08 PM,0,1
,Hole surf.,0.15,0.07,0.07,0.15,0.15,0.07,0.07,0.15,79.16,0.24,44.54,-54.710,0.742,500,-1.07,0.00,0.00,0.00,0.00,0.00,0.00,0.00,0.00,0.00,-0.12,-0.14,-0.04,-0.04,-0.12,-0.14,-0.04,-0.04,18,7,2,14,0.00,0.00,0.00,0.00,3,0.000,2,2.4,0,00.000000,00.000000,,1_DD_vert ,1,0,11.83,0.0,12.19,21.1,11/19/2021 3:39:11 PM,0,1
,Hole surf.,0.07,0.15,0.07,0.15,0.07,0.15,0.07,0.15,85.75,0.20,57.42,53.032,0.887,500,1.43,0.00,0.00,0.00,0.00,0.00,0.00,0.00,0.00,0.00,-0.14,-0.14,-0.04,-0.04,-0.14,-0.14,-0.04,-0.04,7,19,2,14,0.00,0.00,0.00,0.00,3,0.000,2,2.6,0,00.000000,00.000000,,1_DD_vert ,1,0,11.83,0.0,12.21,21.1,11/19/2021 3:39:15 PM,0,1
,Hole surf.,0.07,0.15,0.07,0.15,0.07,0.15,0.07,0.15,98.98,0.06,56.11,51.252,1.162,500,2.24,0.00,0.00,0.00,0.00,0.00,0.00,0.00,0.00,0.00,-0.16,-0.16,-0.04,-0.04,-0.16,-0.16,-0.04,-0.04,8,20,2,14,0.00,0.00,0.00,0.00,3,0.000,3,2.7,0,00.000000,00.000000,,1_DD_vert ,1,0,11.83,0.0,12.19,21.1,11/19/2021 3:39:18 PM,0,1
,Hole surf.,0.15,0.07,0.07,0.15,0.15,0.07,0.07,0.15,104.47,0.36,49.70,-50.934,1.309,500,-2.68,0.00,0.00,0.00,0.00,0.00,0.00,0.00,0.00,0.00,-0.16,-0.18,-0.04,-0.04,-0.16,-0.18,-0.04,-0.04,20,9,2,14,0.00,0.00,0.00,0.00,3,0.000,4,2.9,0,00.000000,00.000000,,1_DD_vert ,1,0,11.83,0.0,12.19,21.1,11/19/2021 3:39:21 PM,0,1
,Hole surf.,0.07,0.15,0.07,0.15,0.07,0.15,0.07,0.15,115.97,0.23,53.54,50.143,1.443,500,3.34,0.00,0.00,0.00,0.00,0.00,0.00,0.00,0.00,0.00,-0.18,-0.18,-0.04,-0.04,-0.18,-0.18,-0.04,-0.04,9,21,2,14,0.00,0.00,0.00,0.00,3,0.000,4,2.9,0,00.000000,00.000000,,1_DD_vert ,1,0,11.83,0.0,12.19,21.1,11/19/2021 3:39:24 PM,0,1
,Hole surf.,0.15,0.07,0.07,0.15,0.15,0.07,0.07,0.15,125.38,0.26,50.16,-48.693,1.524,500,-3.92,0.00,0.00,0.00,0.00,0.00,0.00,0.00,0.00,0.00,-0.18,-0.20,-0.04,-0.04,-0.18,-0.20,-0.04,-0.04,21,10,2,14,0.00,0.00,0.00,0.00,3,0.000,4,2.7,0,00.000000,00.000000,,1_DD_vert ,1,0,11.83,0.0,12.19,21.1,11/19/2021 3:39:27 PM,0,1
,Hole surf.,0.07,0.15,0.07,0.15,0.07,0.15,0.07,0.15,139.90,0.25,55.39,48.827,1.662,500,4.76,0.00,0.00,0.00,0.00,0.00,0.00,0.00,0.00,0.00,-0.20,-0.20,-0.04,-0.04,-0.20,-0.20,-0.04,-0.04,10,22,2,14,0.00,0.00,0.00,0.00,3,0.000,5,2.7,0,00.000000,00.000000,,1_DD_vert ,1,0,11.83,0.0,12.19,21.1,11/19/2021 3:39:30 PM,0,1
,Hole surf.,0.07,0.15,0.07,0.15,0.07,0.15,0.07,0.15,42.35,0.20,117.61,377.225,0.739,500,0.08,0.00,0.00,0.00,0.00,0.00,0.00,0.00,0.00,0.00,-0.08,-0.08,-0.06,-0.06,-0.08,-0.08,-0.06,-0.06,4,16,3,15,0.00,0.00,0.00,0.00,3,0.000,2,2.3,0,00.000000,00.000000,,1_DD_vert ,1,0,11.83,0.0,12.19,21.1,11/19/2021 3:39:33 PM,0,1
,Hole surf.,0.15,0.07,0.07,0.15,0.15,0.07,0.07,0.15,45.13,0.18,16.60,-276.587,0.745,500,-0.12,0.00,0.00,0.00,0.00,0.00,0.00,0.00,0.00,0.00,-0.08,-0.10,-0.06,-0.06,-0.08,-0.10,-0.06,-0.06,16,5,3,15,0.00,0.00,0.00,0.00,3,0.000,2,2.4,0,00.000000,00.000000,,1_DD_vert ,1,0,11.83,0.0,12.19,21.1,11/19/2021 3:39:36 PM,0,1
,Hole surf.,0.07,0.15,0.07,0.15,0.07,0.15,0.07,0.15,51.80,0.36,83.79,158.412,0.695,500,0.23,0.00,0.00,0.00,0.00,0.00,0.00,0.00,0.00,0.00,-0.10,-0.10,-0.06,-0.06,-0.10,-0.10,-0.06,-0.06,5,17,3,15,0.00,0.00,0.00,0.00,3,0.000,2,2.6,0,00.000000,00.000000,,1_DD_vert ,1,0,11.83,0.0,12.21,21.1,11/19/2021 3:39:39 PM,0,1
,Hole surf.,0.15,0.07,0.07,0.15,0.15,0.07,0.07,0.15,53.25,0.24,41.38,-122.545,0.706,500,-0.31,0.00,0.00,0.00,0.00,0.00,0.00,0.00,0.00,0.00,-0.10,-0.12,-0.06,-0.06,-0.10,-0.12,-0.06,-0.06,17,6,3,15,0.00,0.00,0.00,0.00,3,0.000,2,2.6,0,00.000000,00.000000,,1_DD_vert ,1,0,11.83,0.0,12.19,21.1,11/19/2021 3:39:42 PM,0,1
,Hole surf.,0.07,0.15,0.07,0.15,0.07,0.15,0.07,0.15,60.22,0.23,72.62,85.856,0.672,500,0.47,0.00,0.00,0.00,0.00,0.00,0.00,0.00,0.00,0.00,-0.12,-0.12,-0.06,-0.06,-0.12,-0.12,-0.06,-0.06,6,18,3,15,0.00,0.00,0.00,0.00,3,0.000,2,2.7,0,00.000000,00.000000,,1_DD_vert ,1,0,11.83,0.0,12.21,21.1,11/19/2021 3:39:45 PM,0,1
,Hole surf.,0.15,0.07,0.07,0.15,0.15,0.07,0.07,0.15,64.97,0.14,49.39,-69.711,0.653,500,-0.61,0.00,0.00,0.00,0.00,0.00,0.00,0.00,0.00,0.00,-0.12,-0.14,-0.06,-0.06,-0.12,-0.14,-0.06,-0.06,18,7,3,15,0.00,0.00,0.00,0.00,3,0.000,2,2.8,0,00.000000,00.000000,,1_DD_vert ,1,0,11.83,0.0,12.21,21.1,11/19/2021 3:39:48 PM,0,1
,Hole surf.,0.07,0.15,0.07,0.15,0.07,0.15,0.07,0.15,69.90,0.20,66.93,55.444,0.681,500,0.86,0.00,0.00,0.00,0.00,0.00,0.00,0.00,0.00,0.00,-0.14,-0.14,-0.06,-0.06,-0.14,-0.14,-0.06,-0.06,7,19,3,15,0.00,0.00,0.00,0.00,3,0.000,2,2.7,0,00.000000,00.000000,,1_DD_vert ,1,0,11.83,0.0,12.19,21.1,11/19/2021 3:39:52 PM,0,1
,Hole surf.,0.15,0.07,0.07,0.15,0.15,0.07,0.07,0.15,73.60,0.39,53.24,-53.394,0.779,500,-1.07,0.00,0.00,0.00,0.00,0.00,0.00,0.00,0.00,0.00,-0.14,-0.16,-0.06,-0.06,-0.14,-0.16,-0.06,-0.06,19,8,3,15,0.00,0.00,0.00,0.00,3,0.000,2,2.8,0,00.000000,00.000000,,1_DD_vert ,1,0,11.83,0.0,12.19,21.1,11/19/2021 3:39:55 PM,0,1
,Hole surf.,0.07,0.15,0.07,0.15,0.07,0.15,0.07,0.15,79.81,0.29,64.70,52.228,0.938,500,1.43,0.00,0.00,0.00,0.00,0.00,0.00,0.00,0.00,0.00,-0.16,-0.16,-0.06,-0.06,-0.16,-0.16,-0.06,-0.06,8,20,3,15,0.00,0.00,0.00,0.00,3,0.000,3,3.0,0,00.000000,00.000000,,1_DD_vert ,1,0,11.83,0.0,12.19,21.1,11/19/2021 3:39:58 PM,0,1
,Hole surf.,0.07,0.15,0.07,0.15,0.07,0.15,0.07,0.15,92.96,0.10,62.09,50.607,1.222,500,2.24,0.00,0.00,0.00,0.00,0.00,0.00,0.00,0.00,0.00,-0.18,-0.18,-0.06,-0.06,-0.18,-0.18,-0.06,-0.06,9,21,3,15,0.00,0.00,0.00,0.00,3,0.000,4,2.9,0,00.000000,00.000000,,1_DD_vert ,1,0,11.83,0.0,12.19,21.1,11/19/2021 3:40:01 PM,0,1
,Hole surf.,0.15,0.07,0.07,0.15,0.15,0.07,0.07,0.15,100.87,0.42,57.28,-49.526,1.318,500,-2.68,0.00,0.00,0.00,0.00,0.00,0.00,0.00,0.00,0.00,-0.18,-0.20,-0.06,-0.06,-0.18,-0.20,-0.06,-0.06,21,10,3,15,0.00,0.00,0.00,0.00,3,0.000,4,2.9,0,00.000000,00.000000,,1_DD_vert ,1,0,11.83,0.0,12.19,21.1,11/19/2021 3:40:04 PM,0,1
,Hole surf.,0.07,0.15,0.07,0.15,0.07,0.15,0.07,0.15,112.45,0.16,62.83,49.319,1.464,500,3.34,0.00,0.00,0.00,0.00,0.00,0.00,0.00,0.00,0.00,-0.20,-0.20,-0.06,-0.06,-0.20,-0.20,-0.06,-0.06,10,22,3,15,0.00,0.00,0.00,0.00,3,0.000,4,2.9,0,00.000000,00.000000,,1_DD_vert ,1,0,11.83,0.0,12.19,21.1,11/19/2021 3:40:07 PM,0,1
,Hole surf.,0.15,0.07,0.07,0.15,0.15,0.07,0.07,0.15,122.48,0.04,58.84,-48.411,1.551,500,-3.92,0.00,0.00,0.00,0.00,0.00,0.00,0.00,0.00,0.00,-0.20,-0.22,-0.06,-0.06,-0.20,-0.22,-0.06,-0.06,22,11,3,15,0.00,0.00,0.00,0.00,3,0.000,5,2.9,0,00.000000,00.000000,,1_DD_vert ,1,0,11.83,0.0,12.19,21.1,11/19/2021 3:40:10 PM,0,1
,Hole surf.,0.07,0.15,0.07,0.15,0.07,0.15,0.07,0.15,138.39,0.14,62.88,48.061,1.654,500,4.76,0.00,0.00,0.00,0.00,0.00,0.00,0.00,0.00,0.00,-0.22,-0.22,-0.06,-0.06,-0.22,-0.22,-0.06,-0.06,11,23,3,15,0.00,0.00,0.00,0.00,3,0.000,5,3.0,0,00.000000,00.000000,,1_DD_vert ,1,0,11.83,0.0,12.19,21.1,11/19/2021 3:40:13 PM,0,1
,Hole surf.,0.07,0.15,0.07,0.15,0.07,0.15,0.07,0.15,41.76,0.23,118.53,351.583,0.698,500,0.08,0.00,0.00,0.00,0.00,0.00,0.00,0.00,0.00,0.00,-0.10,-0.10,-0.08,-0.08,-0.10,-0.10,-0.08,-0.08,5,17,4,16,0.00,0.00,0.00,0.00,3,0.000,2,2.6,0,00.000000,00.000000,,1_DD_vert ,1,0,11.83,0.0,12.19,21.1,11/19/2021 3:40:16 PM,0,1
,Hole surf.,0.15,0.07,0.07,0.15,0.15,0.07,0.07,0.15,42.55,0.23,34.47,-248.082,0.709,500,-0.12,0.00,0.00,0.00,0.00,0.00,0.00,0.00,0.00,0.00,-0.10,-0.12,-0.08,-0.08,-0.10,-0.12,-0.08,-0.08,17,6,4,16,0.00,0.00,0.00,0.00,3,0.000,2,2.5,0,00.000000,00.000000,,1_DD_vert ,1,0,11.83,0.0,12.21,21.1,11/19/2021 3:40:19 PM,0,1
,Hole surf.,0.07,0.15,0.07,0.15,0.07,0.15,0.07,0.15,51.58,0.35,93.12,152.627,0.673,500,0.23,0.00,0.00,0.00,0.00,0.00,0.00,0.00,0.00,0.00,-0.12,-0.12,-0.08,-0.08,-0.12,-0.12,-0.08,-0.08,6,18,4,16,0.00,0.00,0.00,0.00,3,0.000,2,2.7,0,00.000000,00.000000,,1_DD_vert ,1,0,11.83,0.0,12.19,21.1,11/19/2021 3:40:22 PM,0,1
,Hole surf.,0.15,0.07,0.07,0.15,0.15,0.07,0.07,0.15,55.22,0.31,54.34,-117.785,0.654,500,-0.31,0.00,0.00,0.00,0.00,0.00,0.00,0.00,0.00,0.00,-0.12,-0.14,-0.08,-0.08,-0.12,-0.14,-0.08,-0.08,18,7,4,16,0.00,0.00,0.00,0.00,3,0.000,2,2.8,0,00.000000,00.000000,,1_DD_vert ,1,0,11.83,0.0,12.19,21.1,11/19/2021 3:40:25 PM,0,1
,Hole surf.,0.07,0.15,0.07,0.15,0.07,0.15,0.07,0.15,59.87,0.04,83.05,79.942,0.629,500,0.47,0.00,0.00,0.00,0.00,0.00,0.00,0.00,0.00,0.00,-0.14,-0.14,-0.08,-0.08,-0.14,-0.14,-0.08,-0.08,7,19,4,16,0.00,0.00,0.00,0.00,3,0.000,2,2.9,0,00.000000,00.000000,,1_DD_vert ,1,0,11.83,0.0,12.19,21.1,11/19/2021 3:40:29 PM,0,1
,Hole surf.,0.15,0.07,0.07,0.15,0.15,0.07,0.07,0.15,62.63,0.32,62.63,-60.895,0.591,500,-0.61,0.00,0.00,0.00,0.00,0.00,0.00,0.00,0.00,0.00,-0.14,-0.16,-0.08,-0.08,-0.14,-0.16,-0.08,-0.08,19,8,4,16,0.00,0.00,0.00,0.00,3,0.000,2,3.2,0,00.000000,00.000000,,1_DD_vert ,1,0,11.83,0.0,12.19,21.1,11/19/2021 3:40:32 PM,0,1
,Hole surf.,0.07,0.15,0.07,0.15,0.07,0.15,0.07,0.15,67.33,0.26,78.77,54.729,0.697,500,0.86,0.00,0.00,0.00,0.00,0.00,0.00,0.00,0.00,0.00,-0.16,-0.16,-0.08,-0.08,-0.16,-0.16,-0.08,-0.08,8,20,4,16,0.00,0.00,0.00,0.00,3,0.000,2,3.1,0,00.000000,00.000000,,1_DD_vert ,1,0,11.83,0.0,12.21,21.1,11/19/2021 3:40:35 PM,0,1
,Hole surf.,0.15,0.07,0.07,0.15,0.15,0.07,0.07,0.15,70.56,0.09,67.15,-53.070,0.807,500,-1.07,0.00,0.00,0.00,0.00,0.00,0.00,0.00,0.00,0.00,-0.16,-0.18,-0.08,-0.08,-0.16,-0.18,-0.08,-0.08,20,9,4,16,0.00,0.00,0.00,0.00,3,0.000,3,3.1,0,00.000000,00.000000,,1_DD_vert ,1,0,11.83,0.0,12.19,21.1,11/19/2021 3:40:38 PM,0,1
,Hole surf.,0.07,0.15,0.07,0.15,0.07,0.15,0.07,0.15,77.56,0.12,76.24,51.900,0.959,500,1.43,0.00,0.00,0.00,0.00,0.00,0.00,0.00,0.00,0.00,-0.18,-0.18,-0.08,-0.08,-0.18,-0.18,-0.08,-0.08,9,21,4,16,0.00,0.00,0.00,0.00,3,0.000,3,3.0,0,00.000000,00.000000,,1_DD_vert ,1,0,11.83,0.0,12.21,21.1,11/19/2021 3:40:41 PM,0,1
,Hole surf.,0.07,0.15,0.07,0.15,0.07,0.15,0.07,0.15,93.42,0.12,77.04,49.675,1.194,500,2.24,0.00,0.00,0.00,0.00,0.00,0.00,0.00,0.00,0.00,-0.20,-0.20,-0.08,-0.08,-0.20,-0.20,-0.08,-0.08,10,22,4,16,0.00,0.00,0.00,0.00,3,0.000,3,2.9,0,00.000000,00.000000,,1_DD_vert ,1,0,11.83,0.0,12.21,21.1,11/19/2021 3:40:44 PM,0,1
,Hole surf.,0.15,0.07,0.07,0.15,0.15,0.07,0.07,0.15,101.96,0.07,71.32,-49.412,1.301,500,-2.68,0.00,0.00,0.00,0.00,0.00,0.00,0.00,0.00,0.00,-0.20,-0.22,-0.08,-0.08,-0.20,-0.22,-0.08,-0.08,22,11,4,16,0.00,0.00,0.00,0.00,3,0.000,4,3.0,0,00.000000,00.000000,,1_DD_vert ,1,0,11.83,0.0,12.21,21.1,11/19/2021 3:40:47 PM,0,1
,Hole surf.,0.07,0.15,0.07,0.15,0.07,0.15,0.07,0.15,115.73,0.11,76.27,49.087,1.416,500,3.34,0.00,0.00,0.00,0.00,0.00,0.00,0.00,0.00,0.00,-0.22,-0.22,-0.08,-0.08,-0.22,-0.22,-0.08,-0.08,11,23,4,16,0.00,0.00,0.00,0.00,3,0.000,4,3.0,0,00.000000,00.000000,,1_DD_vert ,1,0,11.83,0.0,12.19,21.1,11/19/2021 3:40:50 PM,0,1
,Hole surf.,0.15,0.07,0.07,0.15,0.15,0.07,0.07,0.15,128.21,0.16,71.81,-48.550,1.486,500,-3.92,0.00,0.00,0.00,0.00,0.00,0.00,0.00,0.00,0.00,-0.22,-0.24,-0.08,-0.08,-0.22,-0.24,-0.08,-0.08,23,12,4,16,0.00,0.00,0.00,0.00,3,0.000,5,3.1,0,00.000000,00.000000,,1_DD_vert ,1,0,11.83,0.0,12.19,21.1,11/19/2021 3:40:53 PM,0,1
,Hole surf.,0.07,0.15,0.07,0.15,0.07,0.15,0.07,0.15,146.14,0.04,76.76,48.398,1.577,500,4.76,0.00,0.00,0.00,0.00,0.00,0.00,0.00,0.00,0.00,-0.24,-0.24,-0.08,-0.08,-0.24,-0.24,-0.08,-0.08,12,24,4,16,0.00,0.00,0.00,0.00,3,0.000,5,3.2,0,00.000000,00.000000,,1_DD_vert ,1,0,11.83,0.0,12.19,21.1,11/19/2021 3:40:56 PM,0,1
,Hole surf.,0.07,0.15,0.07,0.15,0.07,0.15,0.07,0.15,44.37,0.15,129.88,360.304,0.674,500,0.08,0.00,0.00,0.00,0.00,0.00,0.00,0.00,0.00,0.00,-0.12,-0.12,-0.10,-0.10,-0.12,-0.12,-0.10,-0.10,6,18,5,17,0.00,0.00,0.00,0.00,3,0.000,2,2.7,0,00.000000,00.000000,,1_DD_vert ,1,0,11.83,0.0,12.21,21.1,11/19/2021 3:40:59 PM,0,1
,Hole surf.,0.15,0.07,0.07,0.15,0.15,0.07,0.07,0.15,49.04,0.31,44.83,-264.570,0.656,500,-0.12,0.00,0.00,0.00,0.00,0.00,0.00,0.00,0.00,0.00,-0.12,-0.14,-0.10,-0.10,-0.12,-0.14,-0.10,-0.10,18,7,5,17,0.00,0.00,0.00,0.00,3,0.000,2,2.8,0,00.000000,00.000000,,1_DD_vert ,1,0,11.83,0.0,12.19,21.1,11/19/2021 3:41:02 PM,0,1
,Hole surf.,0.07,0.15,0.07,0.15,0.07,0.15,0.07,0.15,54.47,0.35,103.77,150.822,0.629,500,0.23,0.00,0.00,0.00,0.00,0.00,0.00,0.00,0.00,0.00,-0.14,-0.14,-0.10,-0.10,-0.14,-0.14,-0.10,-0.10,7,19,5,17,0.00,0.00,0.00,0.00,3,0.000,2,2.9,0,00.000000,00.000000,,1_DD_vert ,1,0,11.83,0.0,12.19,21.1,11/19/2021 3:41:05 PM,0,1
,Hole surf.,0.15,0.07,0.07,0.15,0.15,0.07,0.07,0.15,56.80,0.33,66.88,-110.440,0.596,500,-0.31,0.00,0.00,0.00,0.00,0.00,0.00,0.00,0.00,0.00,-0.14,-0.16,-0.10,-0.10,-0.14,-0.16,-0.10,-0.10,19,8,5,17,0.00,0.00,0.00,0.00,3,0.000,2,3.2,0,00.000000,00.000000,,1_DD_vert ,1,0,11.83,0.0,12.19,21.1,11/19/2021 3:41:09 PM,0,1
,Hole surf.,0.07,0.15,0.07,0.15,0.07,0.15,0.07,0.15,60.46,0.55,94.67,73.998,0.577,500,0.47,0.00,0.00,0.00,0.00,0.00,0.00,0.00,0.00,0.00,-0.16,-0.16,-0.10,-0.10,-0.16,-0.16,-0.10,-0.10,8,20,5,17,0.00,0.00,0.00,0.00,3,0.000,2,3.3,0,00.000000,00.000000,,1_DD_vert ,1,0,11.83,0.0,12.21,21.1,11/19/2021 3:41:12 PM,0,1
,Hole surf.,0.15,0.07,0.07,0.15,0.15,0.07,0.07,0.15,63.58,0.11,76.30,-58.870,0.563,500,-0.61,0.00,0.00,0.00,0.00,0.00,0.00,0.00,0.00,0.00,-0.16,-0.18,-0.10,-0.10,-0.16,-0.18,-0.10,-0.10,20,9,5,17,0.00,0.00,0.00,0.00,3,0.000,2,3.4,0,00.000000,00.000000,,1_DD_vert ,1,0,11.83,0.0,12.19,21.1,11/19/2021 3:41:15 PM,0,1
,Hole surf.,0.07,0.15,0.07,0.15,0.07,0.15,0.07,0.15,68.30,0.29,89.82,54.570,0.686,500,0.86,0.00,0.00,0.00,0.00,0.00,0.00,0.00,0.00,0.00,-0.18,-0.18,-0.10,-0.10,-0.18,-0.18,-0.10,-0.10,9,21,5,17,0.00,0.00,0.00,0.00,3,0.000,2,3.2,0,00.000000,00.000000,,1_DD_vert ,1,0,11.83,0.0,12.19,21.1,11/19/2021 3:41:18 PM,0,1
,Hole surf.,0.15,0.07,0.07,0.15,0.15,0.07,0.07,0.15,73.08,0.25,79.34,-52.475,0.771,500,-1.07,0.00,0.00,0.00,0.00,0.00,0.00,0.00,0.00,0.00,-0.18,-0.20,-0.10,-0.10,-0.18,-0.20,-0.10,-0.10,21,10,5,17,0.00,0.00,0.00,0.00,3,0.000,2,2.8,0,00.000000,00.000000,,1_DD_vert ,1,0,11.83,0.0,12.19,21.1,11/19/2021 3:41:21 PM,0,1
,Hole surf.,0.07,0.15,0.07,0.15,0.07,0.15,0.07,0.15,80.74,0.15,91.23,51.163,0.908,500,1.43,0.00,0.00,0.00,0.00,0.00,0.00,0.00,0.00,0.00,-0.20,-0.20,-0.10,-0.10,-0.20,-0.20,-0.10,-0.10,10,22,5,17,0.00,0.00,0.00,0.00,3,0.000,2,2.7,0,00.000000,00.000000,,1_DD_vert ,1,0,11.83,0.0,12.19,21.1,11/19/2021 3:41:24 PM,0,1
,Hole surf.,0.07,0.15,0.07,0.15,0.07,0.15,0.07,0.15,99.63,0.43,89.98,49.768,1.121,500,2.24,0.00,0.00,0.00,0.00,0.00,0.00,0.00,0.00,0.00,-0.22,-0.22,-0.10,-0.10,-0.22,-0.22,-0.10,-0.10,11,23,5,17,0.00,0.00,0.00,0.00,3,0.000,3,2.8,0,00.000000,00.000000,,1_DD_vert ,1,0,11.83,0.0,12.19,21.1,11/19/2021 3:41:27 PM,0,1
,Hole surf.,0.15,0.07,0.07,0.15,0.15,0.07,0.07,0.15,110.64,0.14,83.85,-49.749,1.207,500,-2.68,0.00,0.00,0.00,0.00,0.00,0.00,0.00,0.00,0.00,-0.22,-0.24,-0.10,-0.10,-0.22,-0.24,-0.10,-0.10,23,12,5,17,0.00,0.00,0.00,0.00,3,0.000,4,2.9,0,00.000000,00.000000,,1_DD_vert ,1,0,11.83,0.0,12.19,21.1,11/19/2021 3:41:30 PM,0,1
,Hole surf.,0.07,0.15,0.07,0.15,0.07,0.15,0.07,0.15,127.45,0.16,89.64,49.555,1.298,500,3.34,0.00,0.00,0.00,0.00,0.00,0.00,0.00,0.00,0.00,-0.24,-0.24,-0.10,-0.10,-0.24,-0.24,-0.10,-0.10,12,24,5,17,0.00,0.00,0.00,0.00,3,0.000,4,3.0,0,00.000000,00.000000,,1_DD_vert ,1,0,11.83,0.0,12.19,21.1,11/19/2021 3:41:33 PM,0,1
,Hole surf.,0.07,0.15,0.07,0.15,0.07,0.15,0.07,0.15,47.32,0.29,132.33,357.781,0.627,500,0.08,0.00,0.00,0.00,0.00,0.00,0.00,0.00,0.00,0.00,-0.14,-0.14,-0.12,-0.12,-0.14,-0.14,-0.12,-0.12,7,19,6,18,0.00,0.00,0.00,0.00,3,0.000,2,3.0,0,00.000000,00.000000,,1_DD_vert ,1,0,11.83,0.0,12.19,21.1,11/19/2021 3:41:36 PM,0,1
,Hole surf.,0.15,0.07,0.07,0.15,0.15,0.07,0.07,0.15,48.63,0.34,50.48,-239.491,0.599,500,-0.12,0.00,0.00,0.00,0.00,0.00,0.00,0.00,0.00,0.00,-0.14,-0.16,-0.12,-0.12,-0.14,-0.16,-0.12,-0.12,19,8,6,18,0.00,0.00,0.00,0.00,3,0.000,2,3.1,0,00.000000,00.000000,,1_DD_vert ,1,0,11.83,0.0,12.19,21.1,11/19/2021 3:41:39 PM,0,1
,Hole surf.,0.07,0.15,0.07,0.15,0.07,0.15,0.07,0.15,54.58,0.18,106.82,139.209,0.580,500,0.23,0.00,0.00,0.00,0.00,0.00,0.00,0.00,0.00,0.00,-0.16,-0.16,-0.12,-0.12,-0.16,-0.16,-0.12,-0.12,8,20,6,18,0.00,0.00,0.00,0.00,3,0.000,2,3.3,0,00.000000,00.000000,,1_DD_vert ,1,0,11.83,0.0,12.19,21.1,11/19/2021 3:41:42 PM,0,1
,Hole surf.,0.15,0.07,0.07,0.15,0.15,0.07,0.07,0.15,56.09,0.27,75.17,-103.982,0.569,500,-0.31,0.00,0.00,0.00,0.00,0.00,0.00,0.00,0.00,0.00,-0.16,-0.18,-0.12,-0.12,-0.16,-0.18,-0.12,-0.12,20,9,6,18,0.00,0.00,0.00,0.00,3,0.000,2,3.4,0,00.000000,00.000000,,1_DD_vert ,1,0,11.83,0.0,12.19,21.1,11/19/2021 3:41:46 PM,0,1
,Hole surf.,0.07,0.15,0.07,0.15,0.07,0.15,0.07,0.15,61.12,0.28,99.67,74.005,0.571,500,0.47,0.00,0.00,0.00,0.00,0.00,0.00,0.00,0.00,0.00,-0.18,-0.18,-0.12,-0.12,-0.18,-0.18,-0.12,-0.12,9,21,6,18,0.00,0.00,0.00,0.00,3,0.000,2,3.3,0,00.000000,00.000000,,1_DD_vert ,1,0,11.83,0.0,12.19,21.1,11/19/2021 3:41:49 PM,0,1
,Hole surf.,0.15,0.07,0.07,0.15,0.15,0.07,0.07,0.15,64.09,0.28,83.02,-60.898,0.578,500,-0.61,0.00,0.00,0.00,0.00,0.00,0.00,0.00,0.00,0.00,-0.18,-0.20,-0.12,-0.12,-0.18,-0.20,-0.12,-0.12,21,10,6,18,0.00,0.00,0.00,0.00,3,0.000,2,3.3,0,00.000000,00.000000,,1_DD_vert ,1,0,11.83,0.0,12.19,21.1,11/19/2021 3:41:52 PM,0,1
,Hole surf.,0.07,0.15,0.07,0.15,0.07,0.15,0.07,0.15,71.01,0.26,100.92,54.100,0.654,500,0.86,0.00,0.00,0.00,0.00,0.00,0.00,0.00,0.00,0.00,-0.20,-0.20,-0.12,-0.12,-0.20,-0.20,-0.12,-0.12,10,22,6,18,0.00,0.00,0.00,0.00,3,0.000,2,2.8,0,00.000000,00.000000,,1_DD_vert ,1,0,11.83,0.0,12.21,21.1,11/19/2021 3:41:55 PM,0,1
,Hole surf.,0.15,0.07,0.07,0.15,0.15,0.07,0.07,0.15,76.31,0.61,88.42,-52.421,0.738,500,-1.07,0.00,0.00,0.00,0.00,0.00,0.00,0.00,0.00,0.00,-0.20,-0.22,-0.12,-0.12,-0.20,-0.22,-0.12,-0.12,22,11,6,18,0.00,0.00,0.00,0.00,3,0.000,2,3.0,0,00.000000,00.000000,,1_DD_vert ,1,0,11.83,0.0,12.19,21.1,11/19/2021 3:41:58 PM,0,1
,Hole surf.,0.07,0.15,0.07,0.15,0.07,0.15,0.07,0.15,86.55,0.24,100.63,51.414,0.852,500,1.43,0.00,0.00,0.00,0.00,0.00,0.00,0.00,0.00,0.00,-0.22,-0.22,-0.12,-0.12,-0.22,-0.22,-0.12,-0.12,11,23,6,18,0.00,0.00,0.00,0.00,3,0.000,3,2.9,0,00.000000,00.000000,,1_DD_vert ,1,0,11.83,0.0,12.19,21.1,11/19/2021 3:42:01 PM,0,1
,Hole surf.,0.07,0.15,0.07,0.15,0.07,0.15,0.07,0.15,111.28,0.18,99.64,50.514,1.019,500,2.24,0.00,0.00,0.00,0.00,0.00,0.00,0.00,0.00,0.00,-0.24,-0.24,-0.12,-0.12,-0.24,-0.24,-0.12,-0.12,12,24,6,18,0.00,0.00,0.00,0.00,3,0.000,3,3.1,0,00.000000,00.000000,,1_DD_vert ,1,0,11.83,0.0,12.19,21.1,11/19/2021 3:42:04 PM,0,1
,Hole surf.,0.07,0.15,0.07,0.15,0.07,0.15,0.07,0.15,46.75,0.23,66.14,327.264,0.581,500,0.08,0.00,0.00,0.00,0.00,0.00,0.00,0.00,0.00,0.00,-0.16,-0.16,-0.14,-0.14,-0.16,-0.16,-0.14,-0.14,8,20,7,19,0.00,0.00,0.00,0.00,3,0.000,2,3.3,0,00.000000,00.000000,,1_DD_vert ,1,0,11.83,0.0,12.21,21.1,11/19/2021 3:42:07 PM,0,1
,Hole surf.,0.15,0.07,0.07,0.15,0.15,0.07,0.07,0.15,49.46,0.07,-7.20,-232.000,0.570,500,-0.12,0.00,0.00,0.00,0.00,0.00,0.00,0.00,0.00,0.00,-0.16,-0.18,-0.14,-0.14,-0.16,-0.18,-0.14,-0.14,20,9,7,19,0.00,0.00,0.00,0.00,3,0.000,2,3.4,0,00.000000,00.000000,,1_DD_vert ,1,0,11.83,0.0,12.19,21.1,11/19/2021 3:42:10 PM,0,1
,Hole surf.,0.07,0.15,0.07,0.15,0.07,0.15,0.07,0.15,55.40,0.18,41.64,139.250,0.571,500,0.23,0.00,0.00,0.00,0.00,0.00,0.00,0.00,0.00,0.00,-0.18,-0.18,-0.14,-0.14,-0.18,-0.18,-0.14,-0.14,9,21,7,19,0.00,0.00,0.00,0.00,3,0.000,2,3.3,0,00.000000,00.000000,,1_DD_vert ,1,0,11.83,0.0,12.19,21.1,11/19/2021 3:42:13 PM,0,1
,Hole surf.,0.15,0.07,0.07,0.15,0.15,0.07,0.07,0.15,58.04,0.41,9.68,-109.677,0.580,500,-0.31,0.00,0.00,0.00,0.00,0.00,0.00,0.00,0.00,0.00,-0.18,-0.20,-0.14,-0.14,-0.18,-0.20,-0.14,-0.14,21,10,7,19,0.00,0.00,0.00,0.00,3,0.000,2,3.3,0,00.000000,00.000000,,1_DD_vert ,1,0,11.83,0.0,12.19,21.1,11/19/2021 3:42:16 PM,0,1
,Hole surf.,0.07,0.15,0.07,0.15,0.07,0.15,0.07,0.15,63.48,0.31,39.17,77.215,0.573,500,0.47,0.00,0.00,0.00,0.00,0.00,0.00,0.00,0.00,0.00,-0.20,-0.20,-0.14,-0.14,-0.20,-0.20,-0.14,-0.14,10,22,7,19,0.00,0.00,0.00,0.00,3,0.000,2,3.4,0,00.000000,00.000000,,1_DD_vert ,1,0,11.83,0.0,12.19,21.1,11/19/2021 3:42:19 PM,0,1
,Hole surf.,0.15,0.07,0.07,0.15,0.15,0.07,0.07,0.15,67.93,0.09,17.55,-62.379,0.559,500,-0.61,0.00,0.00,0.00,0.00,0.00,0.00,0.00,0.00,0.00,-0.20,-0.22,-0.14,-0.14,-0.20,-0.22,-0.14,-0.14,22,11,7,19,0.00,0.00,0.00,0.00,3,0.000,2,3.5,0,00.000000,00.000000,,1_DD_vert ,1,0,11.83,0.0,12.21,21.1,11/19/2021 3:42:23 PM,0,1
,Hole surf.,0.07,0.15,0.07,0.15,0.07,0.15,0.07,0.15,76.23,0.28,34.80,54.484,0.613,500,0.86,0.00,0.00,0.00,0.00,0.00,0.00,0.00,0.00,0.00,-0.22,-0.22,-0.14,-0.14,-0.22,-0.22,-0.14,-0.14,11,23,7,19,0.00,0.00,0.00,0.00,3,0.000,2,3.1,0,00.000000,00.000000,,1_DD_vert ,1,0,11.83,0.0,12.19,21.1,11/19/2021 3:42:26 PM,0,1
,Hole surf.,0.15,0.07,0.07,0.15,0.15,0.07,0.07,0.15,84.33,0.14,21.45,-53.410,0.680,500,-1.07,0.00,0.00,0.00,0.00,0.00,0.00,0.00,0.00,0.00,-0.22,-0.24,-0.14,-0.14,-0.22,-0.24,-0.14,-0.14,23,12,7,19,0.00,0.00,0.00,0.00,3,0.000,2,3.3,0,00.000000,00.000000,,1_DD_vert ,1,0,11.83,0.0,12.19,21.1,11/19/2021 3:42:29 PM,0,1
,Hole surf.,0.07,0.15,0.07,0.15,0.07,0.15,0.07,0.15,98.26,0.11,32.69,52.507,0.766,500,1.43,0.00,0.00,0.00,0.00,0.00,0.00,0.00,0.00,0.00,-0.24,-0.24,-0.14,-0.14,-0.24,-0.24,-0.14,-0.14,12,24,7,19,0.00,0.00,0.00,0.00,3,0.000,3,3.3,0,00.000000,00.000000,,1_DD_vert ,1,0,11.83,0.0,12.19,21.1,11/19/2021 3:42:32 PM,0,1
,Hole surf.,0.07,0.15,0.07,0.15,0.07,0.15,0.07,0.15,51.15,0.61,61.95,351.736,0.570,500,0.08,0.00,0.00,0.00,0.00,0.00,0.00,0.00,0.00,0.00,-0.18,-0.18,-0.16,-0.16,-0.18,-0.18,-0.16,-0.16,9,21,8,20,0.00,0.00,0.00,0.00,3,0.000,2,3.4,0,00.000000,00.000000,,1_DD_vert ,1,0,11.83,0.0,12.19,21.1,11/19/2021 3:42:35 PM,0,1
,Hole surf.,0.15,0.07,0.07,0.15,0.15,0.07,0.07,0.15,53.41,0.38,-16.83,-256.100,0.583,500,-0.12,0.00,0.00,0.00,0.00,0.00,0.00,0.00,0.00,0.00,-0.18,-0.20,-0.16,-0.16,-0.18,-0.20,-0.16,-0.16,21,10,8,20,0.00,0.00,0.00,0.00,3,0.000,2,3.3,0,00.000000,00.000000,,1_DD_vert ,1,0,11.83,0.0,12.21,21.1,11/19/2021 3:42:38 PM,0,1
,Hole surf.,0.07,0.15,0.07,0.15,0.07,0.15,0.07,0.15,61.23,0.17,46.26,154.003,0.572,500,0.23,0.00,0.00,0.00,0.00,0.00,0.00,0.00,0.00,0.00,-0.20,-0.20,-0.16,-0.16,-0.20,-0.20,-0.16,-0.16,10,22,8,20,0.00,0.00,0.00,0.00,3,0.000,2,3.4,0,00.000000,00.000000,,1_DD_vert ,1,0,11.83,0.0,12.19,21.1,11/19/2021 3:42:41 PM,0,1
,Hole surf.,0.15,0.07,0.07,0.15,0.15,0.07,0.07,0.15,63.99,0.39,4.80,-117.133,0.561,500,-0.31,0.00,0.00,0.00,0.00,0.00,0.00,0.00,0.00,0.00,-0.20,-0.22,-0.16,-0.16,-0.20,-0.22,-0.16,-0.16,22,11,8,20,0.00,0.00,0.00,0.00,3,0.000,2,3.4,0,00.000000,00.000000,,1_DD_vert ,1,0,11.83,0.0,12.19,21.1,11/19/2021 3:42:44 PM,0,1
,Hole surf.,0.07,0.15,0.07,0.15,0.07,0.15,0.07,0.15,72.17,0.38,36.25,84.486,0.552,500,0.47,0.00,0.00,0.00,0.00,0.00,0.00,0.00,0.00,0.00,-0.22,-0.22,-0.16,-0.16,-0.22,-0.22,-0.16,-0.16,11,23,8,20,0.00,0.00,0.00,0.00,3,0.000,2,3.5,0,00.000000,00.000000,,1_DD_vert ,1,0,11.83,0.0,12.19,21.1,11/19/2021 3:42:47 PM,0,1
,Hole surf.,0.15,0.07,0.07,0.15,0.15,0.07,0.07,0.15,79.16,0.05,13.66,-70.693,0.543,500,-0.61,0.00,0.00,0.00,0.00,0.00,0.00,0.00,0.00,0.00,-0.22,-0.24,-0.16,-0.16,-0.22,-0.24,-0.16,-0.16,23,12,8,20,0.00,0.00,0.00,0.00,3,0.000,2,3.6,0,00.000000,00.000000,,1_DD_vert ,1,0,11.83,0.0,12.19,21.1,11/19/2021 3:42:50 PM,0,1
,Hole surf.,0.07,0.15,0.07,0.15,0.07,0.15,0.07,0.15,93.41,0.30,31.72,57.265,0.526,500,0.86,0.00,0.00,0.00,0.00,0.00,0.00,0.00,0.00,0.00,-0.24,-0.24,-0.16,-0.16,-0.24,-0.24,-0.16,-0.16,12,24,8,20,0.00,0.00,0.00,0.00,3,0.000,2,3.8,0,00.000000,00.000000,,1_DD_vert ,1,0,11.83,0.0,12.19,21.1,11/19/2021 3:42:53 PM,0,1
,Hole surf.,0.07,0.15,0.07,0.15,0.07,0.15,0.07,0.15,53.07,0.20,151.87,366.702,0.573,500,0.08,0.00,0.00,0.00,0.00,0.00,0.00,0.00,0.00,0.00,-0.20,-0.20,-0.18,-0.18,-0.20,-0.20,-0.18,-0.18,10,22,9,21,0.00,0.00,0.00,0.00,3,0.000,2,3.4,0,00.000000,00.000000,,1_DD_vert ,1,0,11.83,0.0,12.21,21.1,11/19/2021 3:42:56 PM,0,1
,Hole surf.,0.15,0.07,0.07,0.15,0.15,0.07,0.07,0.15,55.11,0.44,60.52,-256.488,0.566,500,-0.12,0.00,0.00,0.00,0.00,0.00,0.00,0.00,0.00,0.00,-0.20,-0.22,-0.18,-0.18,-0.20,-0.22,-0.18,-0.18,22,11,9,21,0.00,0.00,0.00,0.00,3,0.000,2,3.4,0,00.000000,00.000000,,1_DD_vert ,1,0,11.83,0.0,12.19,21.1,11/19/2021 3:42:59 PM,0,1
,Hole surf.,0.07,0.15,0.07,0.15,0.07,0.15,0.07,0.15,65.33,0.22,129.24,159.514,0.555,500,0.23,0.00,0.00,0.00,0.00,0.00,0.00,0.00,0.00,0.00,-0.22,-0.22,-0.18,-0.18,-0.22,-0.22,-0.18,-0.18,11,23,9,21,0.00,0.00,0.00,0.00,3,0.000,2,3.4,0,00.000000,00.000000,,1_DD_vert ,1,0,11.83,0.0,12.19,21.1,11/19/2021 3:43:03 PM,0,1
,Hole surf.,0.15,0.07,0.07,0.15,0.15,0.07,0.07,0.15,70.98,0.14,92.73,-126.741,0.548,500,-0.31,0.00,0.00,0.00,0.00,0.00,0.00,0.00,0.00,0.00,-0.22,-0.24,-0.18,-0.18,-0.22,-0.24,-0.18,-0.18,23,12,9,21,0.00,0.00,0.00,0.00,3,0.000,2,3.6,0,00.000000,00.000000,,1_DD_vert ,1,0,11.83,0.0,12.19,21.1,11/19/2021 3:43:06 PM,0,1
,Hole surf.,0.07,0.15,0.07,0.15,0.07,0.15,0.07,0.15,85.63,0.12,127.67,95.473,0.525,500,0.47,0.00,0.00,0.00,0.00,0.00,0.00,0.00,0.00,0.00,-0.24,-0.24,-0.18,-0.18,-0.24,-0.24,-0.18,-0.18,12,24,9,21,0.00,0.00,0.00,0.00,3,0.000,2,3.8,0,00.000000,00.000000,,1_DD_vert ,1,0,11.83,0.0,12.19,21.1,11/19/2021 3:43:09 PM,0,1
,Hole surf.,0.07,0.15,0.07,0.15,0.07,0.15,0.07,0.15,52.99,0.28,26.48,354.857,0.556,500,0.08,0.00,0.00,0.00,0.00,0.00,0.00,0.00,0.00,0.00,-0.22,-0.22,-0.20,-0.20,-0.22,-0.22,-0.20,-0.20,11,23,10,22,0.00,0.00,0.00,0.00,3,0.000,2,3.5,0,00.000000,00.000000,,1_DD_vert ,1,0,11.83,0.0,12.19,21.1,11/19/2021 3:43:12 PM,0,1
,Hole surf.,0.15,0.07,0.07,0.15,0.15,0.07,0.07,0.15,58.33,0.55,-64.77,-264.634,0.551,500,-0.12,0.00,0.00,0.00,0.00,0.00,0.00,0.00,0.00,0.00,-0.22,-0.24,-0.20,-0.20,-0.22,-0.24,-0.20,-0.20,23,12,10,22,0.00,0.00,0.00,0.00,3,0.000,2,3.5,0,00.000000,00.000000,,1_DD_vert ,1,0,11.83,0.0,12.19,21.1,11/19/2021 3:43:15 PM,0,1
,Hole surf.,0.07,0.15,0.07,0.15,0.07,0.15,0.07,0.15,74.71,0.31,-7.37,173.956,0.529,500,0.23,0.00,0.00,0.00,0.00,0.00,0.00,0.00,0.00,0.00,-0.24,-0.24,-0.20,-0.20,-0.24,-0.24,-0.20,-0.20,12,24,10,22,0.00,0.00,0.00,0.00,3,0.000,2,3.7,0,00.000000,00.000000,,1_DD_vert ,1,0,11.83,0.0,12.19,21.1,11/19/2021 3:43:18 PM,0,1
,Hole surf.,0.07,0.15,0.07,0.15,0.07,0.15,0.07,0.15,62.50,0.51,38.97,397.124,0.527,500,0.08,0.00,0.00,0.00,0.00,0.00,0.00,0.00,0.00,0.00,-0.24,-0.24,-0.22,-0.22,-0.24,-0.24,-0.22,-0.22,12,24,11,23,0.00,0.00,0.00,0.00,3,0.000,2,3.7,0,00.000000,00.000000,,1_DD_vert ,1,0,11.83,0.0,12.19,21.1,11/19/2021 3:43:21 PM,0,1
