time,a,b,m,n,injection_duration_[ms],vmn_[mV],vmn_std_[%],iab_[mA],iab_std_[%],r_[Ohm],r_std_[%],rab_[kOhm],sp_[mV],nb_stack,vab_[V],channel_mn,injection_id,battery_voltage_tx_[V],s_samples,strategy,cmd_id
2025-08-25T23:15:16.258883,1,4,2,3,500.0,2834.374972985606,0.6154954494001663,1.6829763862781957,5.246860549032012,1688.6299357504538,5.106033531562702,23.767416064855,36.371407085561486,2,40.0,0,1,11.95,133,safe,
2025-08-25T23:15:22.011345,2,5,3,4,500.0,3329.332386363636,0.600113299857483,2.6369069602272726,5.1783113626986506,1266.037094216183,5.303854378007934,13.577517926762981,-225.59943181818176,2,35.80265152369187,0,2,11.95,132,safe,
2025-08-25T23:15:27.660269,3,6,4,5,500.0,1493.549715909091,0.6629988174039398,1.4245904356060606,5.280477907747694,1051.2616171548093,5.192917774340302,28.078245508494433,-6.873579545454504,2,40.0,0,3,11.95,132,safe,
2025-08-25T23:15:34.592914,4,7,5,6,500.0,3272.8371735655987,0.7196631375808076,2.9819877819548872,4.133351264427407,1099.3936531217566,4.160205108826948,13.413871190906555,-233.09408422459887,2,40.0,0,4,11.95,133,safe,
2025-08-25T23:15:40.974268,5,8,6,7,500.0,3954.0113636363635,0.4136421054557606,2.9301467803030303,2.7876297402693804,1350.4491343776199,2.753698991782633,13.651193267479684,-2.4375,2,40.0,0,5,11.95,132,safe,
2025-08-25T23:15:47.779892,6,9,7,8,500.0,1179.065340909091,0.9173590379022959,2.2293667140151516,8.951627618727422,533.2249261310038,9.207534561628618,17.94231507474106,-30.704545454545496,2,40.0,0,6,11.95,132,safe,
2025-08-25T23:15:54.259199,7,10,8,9,500.0,3355.75,0.5571895706688802,3.649244791666667,3.3789343343324867,920.5980583670297,3.3436093856535396,10.96117204615681,-91.96590909090912,2,40.0,0,7,11.95,132,safe,
2025-08-25T23:16:01.027779,8,11,9,10,500.0,3011.4375000000005,0.5173499294830028,4.062449100378788,2.1304637349762157,741.6094542483298,2.108865107427983,9.84627721151518,27.47159090909122,2,40.0,0,8,11.95,132,safe,
2025-08-25T23:16:07.716741,9,12,10,11,500.0,2787.7304748753577,0.4673322929086642,4.515541588345865,2.1537064203644505,617.634899751834,2.092245880237775,8.858295116412119,-154.9718415775401,2,40.0,0,9,11.95,133,safe,
2025-08-25T23:16:14.178771,10,13,11,12,500.0,3285.474431818182,0.6146984611448756,5.348830492424243,2.3105295671732615,614.5472287189914,2.2340241421583027,7.478270260509014,-60.281250000000114,2,40.0,0,10,11.95,132,safe,
2025-08-25T23:16:20.958341,11,14,12,13,500.0,3034.0867099232037,0.5388944594820078,6.204492481203007,1.8720300351640957,489.1657195916952,1.7258019500333117,6.446941489764572,-267.7175802139037,2,40.0,0,11,11.95,133,safe,
2025-08-25T23:16:27.657487,12,15,13,14,500.0,3072.599431818182,0.4715770971577971,5.937566287878788,2.030733563058545,517.6926579423518,2.034164602799611,6.736766894149508,-68.37784090909088,2,40.0,0,12,11.95,132,safe,
2025-08-25T23:16:34.113247,17,20,18,19,500.0,2806.880681818182,0.6507169580344724,1.3982220643939394,5.95815655123237,2014.418016037073,5.850151931396005,28.60775910966477,-6.43181818181813,2,40.0,0,13,11.95,132,safe,
2025-08-25T23:16:40.931946,18,21,19,20,500.0,2539.068181818182,0.5886623600651139,2.3488411458333336,5.47443625146815,1084.2942348216623,5.604939711700664,17.02967442943384,-195.715909090909,2,40.0,0,14,11.95,132,safe,
2025-08-25T23:16:47.391677,19,22,20,21,500.0,3100.227272727273,0.5413767646377299,2.3232031249999996,3.791547063613156,1336.321365308021,3.7129828643965825,17.217607694118442,-91.26136363636374,2,40.0,0,15,11.95,132,safe,
2025-08-25T23:16:54.200457,20,23,21,22,500.0,2367.9573863636365,0.7366980602470237,2.401326941287879,4.283703745273616,987.9052581451019,4.322595191852539,16.657456888626424,-121.12784090909088,2,40.0,0,16,11.95,132,safe,
2025-08-25T23:17:00.676661,21,24,22,23,500.0,3785.5738636363635,0.46438619081240307,2.9007339015151516,2.976995376301618,1306.1399220902524,2.865446129093367,13.789613717792813,-6.840909090909122,2,40.0,0,17,11.95,132,safe,
2025-08-25T23:17:07.496178,22,25,23,24,500.0,2325.900568181818,0.665202972272978,3.221966145833333,4.5534606479552355,723.3757016706941,4.566921048412722,12.41477973060898,-18.40625,2,40.0,0,18,11.95,132,safe,
2025-08-25T23:17:13.956638,23,26,24,25,500.0,3560.562500000001,0.5733506168604569,4.1029853219696975,3.5315805257514916,868.8682802369365,3.5408938107109167,9.748999048526311,-162.68181818181813,2,40.0,0,19,11.95,132,safe,
2025-08-25T23:17:20.749217,24,27,25,26,500.0,3740.440340909091,0.597790467264006,4.945473484848485,1.8996833045025414,756.584314479648,1.8214871168127258,8.088204319070469,35.769886363636374,2,40.0,0,20,11.95,132,safe,
2025-08-25T23:17:27.241360,25,28,26,27,500.0,3021.909090909091,0.4921067319825314,5.435961174242424,2.0692506346118034,556.1365805521358,2.0225286386958676,7.358404285434315,-61.97159090909088,2,40.0,0,21,11.95,132,safe,
2025-08-25T23:17:34.039395,26,29,27,28,500.0,3611.923295454546,0.5306379596935917,7.350388257575758,1.695125284899495,491.52421772979966,1.6691899472142373,5.441889407511714,-99.37215909090901,2,40.0,0,22,11.95,132,safe,
2025-08-25T23:17:40.523761,27,30,28,29,500.0,3737.801136363637,0.4116408796358792,9.003248106060607,1.085570413415299,415.206433565685,1.0774538968198188,4.442841020128467,-278.1534090909089,2,40.0,0,23,11.95,132,safe,
2025-08-25T23:17:47.337396,28,31,29,30,500.0,2702.590909090909,0.7045638748680478,5.2728953598484845,2.565746000586268,512.8659664438462,2.543951461698817,7.585965066666787,-73.59090909090912,2,40.0,0,24,11.95,132,safe,
2025-08-25T23:17:53.805770,1,7,3,5,500.0,1419.704545454545,0.4649827700071039,1.923722774621212,6.427909562902759,741.098004933929,6.550858888712047,20.79301681494941,30.238636363636374,2,40.0,0,25,11.95,132,safe,
2025-08-25T23:18:00.618724,2,8,4,6,500.0,2007.5170454545455,0.578313667210161,3.1150343276515153,4.476333209141581,645.7170768576499,4.394860070978011,12.840949984059012,-21.71590909090901,2,40.0,0,26,11.95,132,safe,
2025-08-25T23:18:07.090561,3,9,5,7,500.0,2443.443181818182,0.4647131173249181,3.481902225378788,4.372188471778538,703.1064724052426,4.423513762170101,11.48797335791027,-119.5625,2,40.0,0,27,11.95,132,safe,
2025-08-25T23:18:13.904805,4,10,6,8,500.0,2554.0710227272725,0.3739876231922423,3.7202462121212125,4.142394912284832,687.7138128771392,4.171537751392636,10.75197654114209,-153.77556818181824,2,40.0,0,28,11.95,132,safe,
2025-08-25T23:18:20.370923,5,11,7,9,500.0,1734.538352272727,0.7033816843038847,3.4184517045454546,2.7626983929934252,507.7635101541977,2.646374428655982,11.701203777959686,-50.45596590909088,2,40.0,0,29,11.95,132,safe,
2025-08-25T23:18:27.175502,6,12,8,10,500.0,687.6606241330264,1.0336729998173155,1.6621193609022555,6.929656570026558,415.71589502685197,7.020744983995829,24.06566034961931,37.73800969251337,2,40.0,0,30,11.95,133,safe,
2025-08-25T23:18:33.618999,7,13,9,11,500.0,1638.9022827540107,0.5211157623774519,3.863282451923077,2.400354911247521,424.4548894716126,2.3096526657018193,10.353889599785456,2.871064505347533,2,40.0,0,31,11.95,130,safe,
2025-08-25T23:18:39.920975,8,14,10,12,500.0,1791.45295219069,0.49225924482913436,4.3734375000000005,2.187916649779208,409.8034245255152,2.0875602206442285,9.146123615576991,13.073905414438514,2,40.0,0,32,11.95,132,safe,
2025-08-25T23:18:46.727457,9,15,11,13,500.0,1883.757635335833,0.4834460921358443,4.563973214285715,2.9738876173085984,413.10794230411386,2.995623480530118,8.764293329942385,-365.8595003342246,2,40.0,0,33,11.95,133,safe,
2025-08-25T23:18:53.193129,17,23,19,21,500.0,1408.426136363636,0.6067872417854749,1.6617311789772728,9.627574670803254,855.3897105002889,9.607629223479083,24.07128210991284,-5.650568181818187,2,40.0,0,34,11.95,132,safe,
2025-08-25T23:18:59.459891,18,24,20,22,500.0,1902.6149770314826,0.5491324340879735,2.6393656015037594,6.066775173663677,723.4846228431999,6.017522023209417,15.155156973028022,-0.16694518716576567,2,40.0,0,35,11.95,133,safe,
2025-08-25T23:19:05.773064,19,25,21,23,500.0,2503.5867537313443,0.5057975655571553,3.764052005597015,5.619688469773483,667.3656072614556,6.005836570480697,10.6268457344695,-35.07219251336892,2,40.0,0,36,11.95,134,safe,
2025-08-25T23:19:12.644310,20,26,22,24,500.0,1915.1820085390614,0.4992867207132384,3.4680380639097748,4.421462854671345,553.3237540052455,4.47893848361644,11.533898781637088,-69.33213569518716,2,40.0,0,37,11.95,133,safe,
2025-08-25T23:19:19.048489,21,27,23,25,500.0,1747.5274038461541,0.7002365573146007,3.541807692307692,3.3435200188554406,493.92556212221825,3.256615057360058,11.293667944443841,-88.38401100852275,2,40.0,0,38,11.95,130,safe,
2025-08-25T23:19:25.871393,22,28,24,26,500.0,1379.3492742534484,0.7993807764214496,3.0022113549618323,4.520283182222985,460.36618598127376,4.507952376862514,13.323512328301259,-20.00492720170456,2,40.0,0,39,11.95,131,safe,
2025-08-25T23:19:32.263604,23,29,25,27,500.0,1835.6865671641792,0.5431290503809656,4.138909748134329,2.285974972584242,443.73987275109226,2.2402754917132164,9.664380823483905,32.72017045454544,2,40.0,0,40,11.95,134,safe,
2025-08-25T23:19:38.662499,24,30,26,28,500.0,1725.4763573790765,0.5536261548943278,5.143937969924812,1.8392157629730834,335.54758426763124,1.8469878161517188,7.776143537085591,-39.98053141711233,2,40.0,0,41,11.95,133,safe,
2025-08-25T23:19:45.417658,25,31,27,29,500.0,1427.0042613636363,0.4350245583659461,4.156704545454545,3.5118090824932335,343.72066411624564,3.503656421543401,9.623007736679517,-398.9815340909091,2,40.0,0,42,11.95,132,safe,
2025-08-25T23:19:51.875203,1,10,4,7,500.0,1427.5426136363637,0.4380298147739755,2.846342329545455,5.108147307802714,502.83238835032006,5.080626773903587,14.05312340149464,28.326704545454504,2,40.0,0,43,11.95,132,safe,
2025-08-25T23:19:58.672695,2,11,5,8,500.0,2501.7301136363635,0.4598275344131256,3.868194839015152,4.422360553499814,648.0155588477369,4.474320337383052,10.340740749807747,-65.28693181818164,2,40.0,0,44,11.95,132,safe,
2025-08-25T23:20:05.158699,3,12,6,9,500.0,1972.1107954545455,0.3163543795842204,3.196506865530303,4.104660840836462,617.9977437704337,4.115717275539208,12.513659967804879,-41.03125000000006,2,40.0,0,45,11.95,132,safe,
2025-08-25T23:20:11.964315,4,13,7,10,500.0,1599.2500000000005,0.5480482569660893,3.661857244318182,3.368826361981458,437.2139467927585,3.321631728364927,10.92341872749542,-161.48863636363637,2,40.0,0,46,11.95,132,safe,
2025-08-25T23:20:18.439818,5,14,8,11,500.0,1406.4786931818182,0.6036031214172876,3.6629332386363633,4.4239396435618294,384.71784853578936,4.401520474316717,10.920209950343294,-140.41903409090912,2,40.0,0,47,11.95,132,safe,
2025-08-25T23:20:25.240862,6,15,9,12,500.0,589.4460227272727,0.9968803246623946,1.6333197206439394,6.803344388293236,362.6157735378465,7.108398078272081,24.49000002536547,-74.59943181818176,2,40.0,0,48,11.95,132,safe,
2025-08-25T23:20:31.719312,17,26,20,23,500.0,1397.3139204545455,0.5684842995637689,2.9008132102272732,5.411956319438285,483.10099629586375,5.410911763166367,13.789236707476961,60.39346590909088,2,40.0,0,49,11.95,132,safe,
2025-08-25T23:20:38.533046,18,27,21,24,500.0,1959.142045454546,0.526684437055435,3.6206025094696974,4.793463973270457,542.3462954796053,4.797920707528572,11.047884957097574,46.70454545454544,2,40.0,0,50,11.95,132,safe,
2025-08-25T23:20:45.002419,19,28,22,25,500.0,2125.678977272727,0.4369198197891446,3.641811079545455,3.915675230069617,584.5714953382117,3.891306323603231,10.983546133038981,-74.8607954545455,2,40.0,0,51,11.95,132,safe,
2025-08-25T23:20:51.817033,20,29,23,26,500.0,1261.2130681818182,0.6108140008118801,2.8436848958333334,4.829549137332726,444.57897736707093,5.020345383850464,14.066256095606585,-138.74999999999994,2,40.0,0,52,11.95,132,safe,
2025-08-25T23:20:58.285531,21,30,24,27,500.0,1409.612215909091,0.6436883667439192,3.670767045454546,4.828604288642001,384.8986050973916,4.8282762559496994,10.8969050622625,-156.81392045454544,2,40.0,0,53,11.95,132,safe,
2025-08-25T23:21:05.096973,22,31,25,28,500.0,904.4090909090909,0.6790052213517427,2.5587582859848483,4.3744326616195925,354.11849788856324,4.327840222516291,15.632582498742853,-96.49431818181816,2,40.0,0,54,11.95,132,safe,
2025-08-25T23:21:11.576413,1,13,5,9,500.0,1331.6519886363637,0.47026509819992185,1.8313677793560608,6.634058928655714,730.2822494550335,6.534828948034382,21.841598640588,-161.21732954545456,2,40.0,0,55,11.95,132,safe,
2025-08-25T23:21:18.385861,2,14,6,10,500.0,2334.1789772727275,0.41034202622447974,3.8023413825757575,3.3398526892612743,614.5415187156184,3.251457541331307,10.519833958965425,-172.190340909091,2,40.0,0,56,11.95,132,safe,
2025-08-25T23:21:24.857254,3,15,7,11,500.0,1454.0326704545455,0.48239605243386696,3.237942708333333,3.7955360447948956,449.6951015378455,3.753152417627749,12.353523086450535,-139.4673295454545,2,40.0,0,57,11.95,132,safe,
2025-08-25T23:21:31.653957,17,29,21,25,500.0,1140.8948863636363,0.6402455410495981,1.6266311553030302,8.96083651907074,707.0038180596274,8.940821998134085,24.590700768022778,-124.8125,2,40.0,0,58,11.95,132,safe,
2025-08-25T23:21:38.138012,18,30,22,26,500.0,1827.2130681818178,0.5367008455954705,3.029243607954546,4.197357266209012,604.2333084681165,4.152739461975111,13.20461645770689,-186.32386363636363,2,40.0,0,59,11.95,132,safe,
2025-08-25T23:21:44.952261,19,31,23,27,500.0,1348.330965909091,0.40922431989972013,3.020494791666667,5.015168580975936,447.52819278319834,5.079373223289644,13.242863424349279,-109.453125,2,40.0,0,60,11.95,132,safe,
2025-08-25T23:21:51.421188,1,14,6,10,500.0,1091.1164772727273,0.4777944719644081,1.8634398674242425,6.20582166928155,587.8372132523999,6.338573074343953,21.46567791065369,-126.45454545454547,2,40.0,0,61,11.95,132,safe,
2025-08-25T23:21:58.225894,2,15,7,11,500.0,1547.0213068181822,0.48031244134333007,3.5997739109848483,3.268017028764847,430.21359004299893,3.2977046930767475,11.111808960540122,-128.62926136363643,2,40.0,0,62,11.95,132,safe,
2025-08-25T23:22:04.698071,17,30,22,26,500.0,964.9019886363636,0.6092807701762835,1.6608741714015152,6.94428301790502,583.7723973534534,6.996802256741029,24.083702840803603,-138.56676136363632,2,40.0,0,63,11.95,132,safe,
2025-08-25T23:22:11.518655,18,31,23,27,500.0,1061.450284090909,0.5478748986793277,2.44334043560606,5.183775945537922,435.60455128794155,5.260186961140001,16.371030175366524,-95.234375,2,40.0,0,64,11.95,132,safe,
2025-08-25T23:22:18.609049,1,2,3,4,500.0,-362.44602272727275,-0.8028630729406934,2.5433617424242425,4.426590016886489,-142.78103166890432,-4.421855356796774,19.659020251024838,-40.68465909090905,2,50.0,0,65,11.95,132,safe,
2025-08-25T23:22:28.640679,2,3,4,5,500.0,-1225.746022591733,-0.49131188388761715,3.9219692270992366,3.968919091369276,-313.0161232715134,-3.9167371399222546,12.748697683429034,68.0210404829545,2,50.0,0,66,11.95,131,safe,
2025-08-25T23:22:38.627128,3,4,5,6,500.0,-1797.6860795454545,-0.5085661359278476,3.853403172348485,3.603139043137726,-467.1246500724237,-3.6391142063041055,12.975543373917745,-25.467329545454504,2,50.0,0,67,11.95,132,safe,
2025-08-25T23:22:48.615479,4,5,6,7,500.0,-1561.9119318181818,-0.316021790585611,4.114464962121212,3.4494094019253345,-380.0557257461583,-3.3821943927156566,12.152248338559797,1.051136363636374,2,50.0,0,68,11.95,132,safe,
2025-08-25T23:22:58.230938,5,6,7,8,500.0,-382.73295454545456,-1.0146535786237483,2.095635653409091,5.821146406410794,-183.25359289877562,-5.916432550855094,23.859109248624456,-26.698863636363583,2,50.0,0,69,11.95,132,safe,
2025-08-25T23:23:06.576486,6,7,8,9,500.0,-715.6178977272727,-0.6774192714608734,2.0333729876893947,5.392831235123964,-352.9538799816352,-5.408940414935358,24.589684382901662,-9.805397727272748,2,50.0,0,70,11.95,132,safe,
2025-08-25T23:23:16.189844,7,8,9,10,500.0,-1153.9630681818182,-0.5420124767092442,4.4061967329545455,3.303666025855706,-262.174099502784,-3.2666953331994346,11.347654912011347,-12.525568181818187,2,50.0,0,71,11.95,132,safe,
2025-08-25T23:23:25.802210,8,9,10,11,500.0,-1109.220632782749,-0.5083158532633851,4.941732954545454,2.76894567643305,-224.6273806407873,-2.740917881458507,10.117908122495674,-15.186763661430518,2,50.0,0,72,11.95,132,safe,
2025-08-25T23:23:36.684912,9,10,11,12,500.0,-1165.3977272727273,-0.4328422628141685,5.971526988636365,2.280098407876804,-195.25837067844313,-2.270539236762178,8.373067742161844,89.2982954545455,2,50.0,0,73,11.95,132,safe,
2025-08-25T23:23:46.672053,10,11,12,13,500.0,-1097.865056818182,-0.41602993108146835,7.104360795454546,2.47083778824481,-154.6275133759925,-2.484161974538836,7.037930848330591,-215.1349431818182,2,50.0,0,74,11.95,132,safe,
2025-08-25T23:23:56.549941,11,12,13,14,500.0,-1087.8583723262032,-0.4358900758525438,7.554750466417911,1.953161297374702,-144.04902421800364,-1.9132651644622345,6.6183522834087105,-14.229695855614978,2,50.0,0,75,11.95,134,safe,
2025-08-25T23:24:06.577525,12,13,14,15,500.0,-1030.3139204545455,-0.36511053884431555,8.29008759469697,2.126265283272841,-124.33702142871141,-2.0904240864759487,6.031299359488573,185.66903409090907,2,50.0,0,76,11.95,132,safe,
2025-08-25T23:24:14.990660,17,18,19,20,500.0,-251.44034090909096,-1.2083149503776043,2.3398117897727273,6.913766988210325,-107.98804383568365,-7.169385609583836,21.369240132282883,-13.244318181818151,2,50.0,0,77,11.95,132,safe,
2025-08-25T23:24:24.609006,18,19,20,21,500.0,-1363.9225746268658,-0.4692798315756026,3.3440508395522386,6.052452428736083,-409.33011443745147,-5.954746730624548,14.95192579269964,21.85770387700535,2,50.0,0,78,11.95,134,safe,
2025-08-25T23:24:32.912465,19,20,21,22,500.0,-1141.1027728076879,-0.6364558999427519,3.373892152255639,5.270693834862416,-339.160816356006,-5.338691710141414,14.81967939211458,39.54378342245991,2,50.0,0,79,11.95,133,safe,
2025-08-25T23:24:41.244871,20,21,22,23,500.0,-1195.221789119356,-0.4149238570379844,3.0899776785714286,6.405120427458484,-388.3965199543873,-6.434046728596737,16.181346663680824,-6.560452874331531,2,50.0,0,80,11.95,133,safe,
2025-08-25T23:24:50.863099,21,22,23,24,500.0,-760.2883522727273,-0.6432874737233236,3.140021306818182,5.58895223467595,-242.87281639924504,-5.538856841537134,15.923458828585323,18.157670454545524,2,50.0,0,81,11.95,132,safe,
2025-08-25T23:25:00.485178,22,23,24,25,500.0,-1155.1567127000321,-0.5527632084892083,3.241543703007519,4.806601804927287,-357.17229561334887,-4.773482315026431,15.424749619636401,-43.1572108957219,2,50.0,0,82,11.95,133,safe,
2025-08-25T23:25:10.098647,23,24,25,26,500.0,-1329.0809659090908,-0.525460987660346,4.623351089015151,3.5753253315170235,-287.8242080682334,-3.4719370451163587,10.814666469694997,12.149147727272691,2,50.0,0,83,11.95,132,safe,
2025-08-25T23:25:19.715272,24,25,26,27,500.0,-1166.2585227272727,-0.49526376359893215,5.678650568181819,2.365443991683028,-205.48299727517207,-2.250193980058616,8.804908736620664,20.306818181818187,2,50.0,0,84,11.95,132,safe,
2025-08-25T23:25:29.328191,25,26,27,28,500.0,-1169.0042613636365,-0.39552272537736943,7.6597324810606064,2.324549203199902,-152.69907309961474,-2.3514353642593018,6.527643115948187,29.60085227272731,2,50.0,0,85,11.95,132,safe,
2025-08-25T23:25:40.579478,26,27,28,29,500.0,-1400.3536931818182,-0.3513686671827901,10.794843750000002,1.741895051912029,-129.76321975240558,-1.7581673224191896,4.631841012057261,-139.44176136363632,2,50.0,0,86,11.95,132,safe,
2025-08-25T23:25:51.894627,27,28,29,30,500.0,-1452.465909090909,-0.3624103769242627,10.768011363636361,1.3964436907675655,-134.913069123723,-1.4249540260343498,4.643382915516815,51.54829545454544,2,50.0,0,87,11.95,132,safe,
2025-08-25T23:26:03.064615,28,29,30,31,500.0,-874.4691822303083,-0.35984857033308193,10.768256578947371,1.5981659122601906,-81.2293028728571,-1.6768878985334381,4.643277176154327,31.036263368984066,2,50.0,0,88,11.95,133,safe,
2025-08-25T23:26:11.480908,1,3,5,7,500.0,-340.9318181818182,-0.9258346151825229,2.1659878077651515,7.374446287516335,-158.2596136371898,-7.434311263538066,23.084155792912608,21.536931818181827,2,50.0,0,89,11.95,132,safe,
2025-08-25T23:26:21.104110,2,4,6,8,500.0,-796.0369318181819,-0.4082918557914863,3.91351444128788,4.596953736101708,-203.8369499808766,-4.611718185301579,12.776240065066869,0.849431818181813,2,50.0,0,90,11.95,132,safe,
2025-08-25T23:26:30.723914,3,5,7,9,500.0,-392.66335227272737,-0.852764520476324,3.3969448390151515,4.474452435458503,-115.83055314536053,-4.67119121104285,14.719108601862398,-40.26846590909085,2,50.0,0,91,11.95,132,safe,
2025-08-25T23:26:39.004787,4,6,8,10,500.0,-210.82812500000003,-1.548002814896201,2.018979640151515,8.226220046879153,-105.15598680083319,-8.671736021493828,24.76498475053851,38.288352272727344,2,50.0,0,92,11.95,132,safe,
2025-08-25T23:26:49.011761,5,7,9,11,500.0,-556.5639204545457,-0.5681733140545117,3.6168761837121215,4.54634147764128,-154.19818007419664,-4.595315917104765,13.824083949891621,14.166193181818187,2,50.0,0,93,11.95,132,safe,
2025-08-25T23:26:57.338120,6,8,10,12,500.0,-232.74573863636365,-1.2638471774586972,1.988793797348485,6.6015219405496195,-117.54864378654406,-6.847918247836801,25.140866824233555,-3.2258522727272307,2,50.0,0,94,11.95,132,safe,
2025-08-25T23:27:06.967486,7,9,11,13,500.0,-493.2642045454547,-0.7385636694814459,4.327868134469697,2.935879679743399,-114.06850980224301,-2.9194545105675,11.55303221966734,-231.1306818181818,2,50.0,0,95,11.95,132,safe,
2025-08-25T23:27:17.111537,8,10,12,14,500.0,-377.92127345854607,-0.8378670247606098,4.963193139097744,2.680339835065004,-76.19920717661654,-2.793281983388674,10.074159638504309,-306.5956300133689,2,50.0,0,96,11.95,133,safe,
2025-08-25T23:27:27.094919,9,11,13,15,500.0,-373.4573863636364,-0.8447789382668958,5.796813446969696,3.2316208089205016,-64.49258629652313,-3.370583723728453,8.62542851471918,118.67045454545456,2,50.0,0,97,11.95,132,safe,
2025-08-25T23:27:35.438053,17,19,21,23,500.0,-230.66021995359128,-1.3175919900703954,2.040861164122137,8.370877829605103,-113.80196650143026,-8.360652782557654,24.499461736539622,52.136186079545524,2,50.0,0,98,11.95,131,safe,
2025-08-25T23:27:43.743749,18,20,22,24,500.0,-437.0209839019341,-0.7581253222644665,2.6576139567669173,6.766989018238866,-165.19911143745358,-6.842737465777634,18.813868685738992,35.10335895721933,2,50.0,0,99,11.95,133,safe,
2025-08-25T23:27:52.085866,19,21,23,25,500.0,-440.35111770485713,-0.8552738017220409,3.3692234492481203,4.557760040107792,-130.96457502777375,-4.551220701573367,14.840214890216929,-31.988845254010684,2,50.0,0,100,11.95,133,safe,
2025-08-25T23:28:00.587372,20,22,24,26,500.0,-316.28835227272737,-1.0915195637787007,2.5362428977272726,5.577157102504344,-125.0879777053412,-5.5888280639439865,19.714200104731688,7.3764204545454675,2,50.0,0,101,11.95,132,safe,
2025-08-25T23:28:10.202594,21,23,25,27,500.0,-551.8878296384344,-0.6596033779132158,3.4711677631578945,4.584780982313277,-159.3325242740803,-4.725119797097964,14.40437438106204,54.76884191176471,2,50.0,0,102,11.95,133,safe,
2025-08-25T23:28:19.816056,22,24,26,28,500.0,-357.27043292689535,-0.9830627932968986,3.270663167938931,4.183174269626058,-109.41677609826276,-4.093733188056565,15.28741953317939,19.635786576704547,2,50.0,0,103,11.95,131,safe,
2025-08-25T23:28:31.157232,23,25,27,29,500.0,-417.2039966853968,-0.8579647609267037,4.615034069548872,2.556634646728558,-90.45778480196807,-2.5999111016499734,10.8341562048073,-321.56905915775394,2,50.0,0,104,11.95,133,safe,
2025-08-25T23:28:42.166271,24,26,28,30,500.0,-497.14204545454544,-0.6746966286972526,6.095120738636364,1.9554743026844816,-81.59327648656067,-1.9572051527150434,8.20328294451248,-269.9829545454545,2,50.0,0,105,11.95,132,safe,
2025-08-25T23:28:52.148401,25,27,29,31,500.0,-460.6007462686566,-0.5918433027809472,7.327269123134329,2.784839118751482,-62.910047262659795,-2.856594500159324,6.823824696452788,75.32106450534764,2,50.0,0,106,11.95,134,safe,
2025-08-25T23:29:00.488850,1,17,19,21,500.0,-858.3039772727273,-0.5869983668516306,1.628868963068182,9.661124595285608,-531.7711103065581,-9.523593193480243,30.696146303763218,42.980113636363654,2,50.0,0,107,11.95,132,safe,
2025-08-25T23:29:08.685291,2,18,20,22,500.0,-1234.222947761194,-0.6330472932813899,2.937519822761194,7.862348389534831,-422.7439299518592,-7.852642271276321,17.02116173398322,97.62019552139031,2,50.0,0,108,11.95,134,safe,
2025-08-25T23:29:17.070983,3,19,21,23,500.0,-1121.8537937004946,-0.4853043275500538,3.2306015037593987,6.05106929630037,-348.53137951990345,-6.080739402166974,15.476993972118136,95.88293783422458,2,50.0,0,109,11.95,133,safe,
2025-08-25T23:29:25.435423,4,20,22,24,500.0,-925.4758522727274,-0.5285847026976432,2.839773910984848,6.089681148000931,-327.0990588964791,-6.06822641484392,17.60703547792639,88.14914772727283,2,50.0,0,110,11.95,132,safe,
2025-08-25T23:29:35.416697,5,21,23,25,500.0,-707.5994318181818,-0.703035038076771,3.1558061079545454,3.701475538449383,-224.5267110798448,-3.7405206822454358,15.843812417362928,-14.431818181818187,2,50.0,0,111,11.95,132,safe,
2025-08-25T23:29:43.757700,6,22,24,26,500.0,-341.8707233881636,-1.0977814662510428,1.628497733778626,7.571499743016967,-211.1249308882169,-7.5977901683091975,30.703143739711756,-148.06023615056813,2,50.0,0,112,11.95,131,safe,
2025-08-25T23:29:53.376105,7,23,25,27,500.0,-897.1407781596979,-0.4765302021417356,3.638685591603054,3.129433382619085,-246.7895323875876,-3.060530656071728,13.74122570946617,-92.43306107954541,2,50.0,0,113,11.95,131,safe,
2025-08-25T23:30:02.914744,8,24,26,28,500.0,-731.9776119402985,-0.5282554261780287,4.23303171641791,2.6021593265173255,-173.03339640229632,-2.5642717993707955,11.811865194884758,43.47810828877016,2,50.0,0,114,11.95,134,safe,
2025-08-25T23:30:12.572333,9,25,27,29,500.0,-785.0412252221463,-0.6222041386227342,5.00484375,2.7244887093571313,-156.97429755428033,-2.8284430808657923,9.990321875682932,-226.54545454545453,2,50.0,0,115,11.95,133,safe,
2025-08-25T23:30:22.215797,10,26,28,30,500.0,-947.3963068181819,-0.4158712816730928,6.780591856060607,2.7220259908661295,-139.8233220060309,-2.7009923828048037,7.373987560585756,-229.28835227272725,2,50.0,0,116,11.95,132,safe,
2025-08-25T23:30:31.838923,11,27,29,31,500.0,-829.161931818182,-0.44789326062439644,7.7466524621212125,2.733585789899153,-107.11385085549175,-2.7362147497228264,6.454400819513316,73.46306818181819,2,50.0,0,117,11.95,132,safe,
2025-08-25T23:30:40.096490,17,1,3,5,500.0,-770.7755681818182,-0.6743642537841511,1.3971721117424243,9.785798683058312,-556.9914063274431,-9.928401742612955,35.78657173284443,80.08141502339575,2,50.0,0,118,11.95,132,safe,
2025-08-25T23:30:50.032914,18,2,4,6,500.0,-1045.5935178885104,-0.650680932408871,2.9161152194656497,5.3728505970899745,-359.6012384046264,-5.467468961579264,17.146098914830265,51.999156605113626,2,50.0,0,119,11.95,131,safe,
2025-08-25T23:30:59.666713,19,3,5,7,500.0,-1295.4409991690125,-0.5503819621610697,3.178035037878788,4.977540922170781,-408.6178267147275,-4.940856917370796,15.732992054541038,26.14405484517846,2,50.0,0,120,11.95,132,safe,
2025-08-25T23:31:09.239942,20,4,6,8,500.0,-1024.2691231343285,-0.5481955420686786,2.802468516791045,4.433084509280159,-366.19355407767006,-4.381964065005816,17.841413632454397,33.132185828877056,2,50.0,0,121,11.95,134,safe,
2025-08-25T23:31:17.601288,21,5,7,9,500.0,-685.4275568181819,-0.7480657212857814,3.182605350378788,6.045071172987903,-216.15660989100826,-6.118317996289628,15.710399027026424,-30.02130681818184,2,50.0,0,122,11.95,132,safe,
2025-08-25T23:31:25.889154,22,6,8,10,500.0,-328.24945688502675,-1.2106608416722635,1.657616021455224,12.14901680973476,-201.06231905848026,-12.703154715144588,30.163801117284635,61.5363887032086,2,50.0,0,123,11.95,134,safe,
2025-08-25T23:31:35.980407,23,7,9,11,500.0,-854.8906249999998,-0.5522519688782186,3.6477320075757578,4.22260800965727,-234.78120799540733,-4.273084095337736,13.70714731678697,35.90767045454544,2,50.0,0,124,11.95,132,safe,
2025-08-25T23:31:45.962974,24,8,10,12,500.0,-855.508522727273,-0.5507658490835832,4.221989820075758,3.4054634436152127,-202.8657200883793,-3.435407892044716,11.842757119462409,-109.89204545454547,2,50.0,0,125,11.95,132,safe,
2025-08-25T23:31:55.953753,25,9,11,13,500.0,-992.1008522727273,-0.4174463336587332,5.030807291666668,3.341396010877742,-197.42311670839436,-3.335067851268809,9.938762727569193,-248.0525568181818,2,50.0,0,126,11.95,132,safe,
2025-08-25T23:32:07.254572,26,10,12,14,500.0,-908.677556818182,-0.47460072780310203,6.8102130681818185,2.68720568953849,-133.52355642725647,-2.6868822242655246,7.341914195549381,-241.5838068181818,2,50.0,0,127,11.95,132,safe,
2025-08-25T23:32:18.507492,27,11,13,15,500.0,-855.3064999773834,-0.5130518246761657,7.742732612781955,2.226288532969517,-110.5189497131151,-2.2229465200421608,6.457668435748172,97.51449699197863,2,50.0,0,128,11.95,133,safe,
