1 1,1 13,1 4,1 16
1 1,1 13,1 16,1 28
1 1,1 13,1 28,1 7
1 1,1 13,1 7,1 19
1 1,1 13,1 19,1 31
1 1,1 13,1 31,1 10
1 1,1 13,1 10,1 22
1 1,1 13,1 22,1 34
1 4,1 16,1 7,1 19
1 4,1 16,1 19,1 31
1 4,1 16,1 31,1 10
1 4,1 16,1 10,1 22
1 4,1 16,1 22,1 34
1 4,1 16,1 34,1 1
1 4,1 16,1 1,1 13
1 4,1 16,1 13,1 25
1 7,1 19,1 10,1 22
1 7,1 19,1 22,1 34
1 7,1 19,1 34,1 1
1 7,1 19,1 1,1 13
1 7,1 19,1 13,1 25
1 7,1 19,1 25,1 4
1 7,1 19,1 4,1 16
1 7,1 19,1 16,1 28
1 10,1 22,1 1,1 13
1 10,1 22,1 13,1 25
1 10,1 22,1 25,1 4
1 10,1 22,1 4,1 16
1 10,1 22,1 16,1 28
1 10,1 22,1 28,1 7
1 10,1 22,1 7,1 19
1 10,1 22,1 19,1 31
1 13,1 25,1 4,1 16
1 13,1 25,1 16,1 28
1 13,1 25,1 28,1 7
1 13,1 25,1 7,1 19
1 13,1 25,1 19,1 31
1 13,1 25,1 31,1 43
1 13,1 25,1 43,1 10
1 13,1 25,1 10,1 22
1 13,1 25,1 22,1 34
1 16,1 28,1 7,1 19
1 16,1 28,1 19,1 31
1 16,1 28,1 31,1 10
1 16,1 28,1 10,1 22
1 16,1 28,1 22,1 34
1 16,1 28,1 34,1 46
1 16,1 28,1 46,1 1
1 16,1 28,1 1,1 13
1 16,1 28,1 13,1 25
1 19,1 31,1 10,1 22
1 19,1 31,1 22,1 34
1 19,1 31,1 34,1 1
1 19,1 31,1 1,1 13
1 19,1 31,1 13,1 25
1 19,1 31,1 25,1 37
1 19,1 31,1 37,1 4
1 19,1 31,1 4,1 16
1 19,1 31,1 16,1 28
1 22,1 34,1 1,1 13
1 22,1 34,1 13,1 25
1 22,1 34,1 25,1 4
1 22,1 34,1 4,1 16
1 22,1 34,1 16,1 28
1 22,1 34,1 28,1 40
1 22,1 34,1 40,1 7
1 22,1 34,1 7,1 19
1 22,1 34,1 19,1 31
1 25,1 37,1 16,1 28
1 25,1 37,1 28,1 40
1 25,1 37,1 40,1 19
1 25,1 37,1 19,1 31
1 25,1 37,1 31,1 43
1 25,1 37,1 43,1 55
1 25,1 37,1 55,1 22
1 25,1 37,1 22,1 34
1 25,1 37,1 34,1 46
1 28,1 40,1 19,1 31
1 28,1 40,1 31,1 43
1 28,1 40,1 43,1 22
1 28,1 40,1 22,1 34
1 28,1 40,1 34,1 46
1 28,1 40,1 46,1 58
1 28,1 40,1 58,1 13
1 28,1 40,1 13,1 25
1 28,1 40,1 25,1 37
1 31,1 43,1 22,1 34
1 31,1 43,1 34,1 46
1 31,1 43,1 46,1 13
1 31,1 43,1 13,1 25
1 31,1 43,1 25,1 37
1 31,1 43,1 37,1 49
1 31,1 43,1 49,1 16
1 31,1 43,1 16,1 28
1 31,1 43,1 28,1 40
1 34,1 46,1 13,1 25
1 34,1 46,1 25,1 37
1 34,1 46,1 37,1 16
1 34,1 46,1 16,1 28
1 34,1 46,1 28,1 40
1 34,1 46,1 40,1 52
1 34,1 46,1 52,1 19
1 34,1 46,1 19,1 31
1 34,1 46,1 31,1 43
1 37,1 49,1 28,1 40
1 37,1 49,1 40,1 52
1 37,1 49,1 52,1 31
1 37,1 49,1 31,1 43
1 37,1 49,1 43,1 55
1 37,1 49,1 55,1 67
1 37,1 49,1 67,1 34
1 37,1 49,1 34,1 46
1 37,1 49,1 46,1 58
1 40,1 52,1 31,1 43
1 40,1 52,1 43,1 55
1 40,1 52,1 55,1 34
1 40,1 52,1 34,1 46
1 40,1 52,1 46,1 58
1 40,1 52,1 58,1 70
1 40,1 52,1 70,1 25
1 40,1 52,1 25,1 37
1 40,1 52,1 37,1 49
1 43,1 55,1 34,1 46
1 43,1 55,1 46,1 58
1 43,1 55,1 58,1 25
1 43,1 55,1 25,1 37
1 43,1 55,1 37,1 49
1 43,1 55,1 49,1 61
1 43,1 55,1 61,1 28
1 43,1 55,1 28,1 40
1 43,1 55,1 40,1 52
1 46,1 58,1 25,1 37
1 46,1 58,1 37,1 49
1 46,1 58,1 49,1 28
1 46,1 58,1 28,1 40
1 46,1 58,1 40,1 52
1 46,1 58,1 52,1 64
1 46,1 58,1 64,1 31
1 46,1 58,1 31,1 43
1 46,1 58,1 43,1 55
1 49,1 61,1 40,1 52
1 49,1 61,1 52,1 64
1 49,1 61,1 64,1 43
1 49,1 61,1 43,1 55
1 49,1 61,1 55,1 67
1 49,1 61,1 67,1 46
1 49,1 61,1 46,1 58
1 49,1 61,1 58,1 70
1 52,1 64,1 43,1 55
1 52,1 64,1 55,1 67
1 52,1 64,1 67,1 46
1 52,1 64,1 46,1 58
1 52,1 64,1 58,1 70
1 52,1 64,1 70,1 37
1 52,1 64,1 37,1 49
1 52,1 64,1 49,1 61
1 55,1 67,1 46,1 58
1 55,1 67,1 58,1 70
1 55,1 67,1 70,1 37
1 55,1 67,1 37,1 49
1 55,1 67,1 49,1 61
1 55,1 67,1 61,1 40
1 55,1 67,1 40,1 52
1 55,1 67,1 52,1 64
1 58,1 70,1 37,1 49
1 58,1 70,1 49,1 61
1 58,1 70,1 61,1 40
1 58,1 70,1 40,1 52
1 58,1 70,1 52,1 64
1 58,1 70,1 64,1 43
1 58,1 70,1 43,1 55
1 58,1 70,1 55,1 67
